MANUFACTURER,SYNONYMS
101 PIPE & CASING INC,101P
3-D WELDING & IND SUPPLY INC,3DWELD|3DWE|3D WELDING IND SUPPLY INC
3M BUILDING AND CONSTRUCTION,3MAU
3M PURIFICATION INC,3M_PURIF|CUNO
4-STAR HOSE & SUPPLY INC,FOUS|4STAR
A O SMITH WATER PRODUCT CO,AO SMITH|AO_TANKL|AO SMT|A O SMITH|AO SMITH|A O SMITH|AOTANKLS|AOSMITH
A WALDREP CO INC,WALC|WALDREP
A Y MCDONALD MFG,AY_MACDO|AYMCD
A-1 MACHINE INC,A1MACH|A1MA
A-1 TOOL CO LLC,A1TO|GLOBAL
AB & I,AB&I
AB&A,
ABILENE LUMBER INC,ABILLUMB|ABIL
ABMC GAS SERVICES INC,ABMCGAS|ABMG
AC GUARD INC,ACGU|ACGUARD
ACCOR TECHNOLOGY INC,ACCOR|ACCT1
ACCUCAST LTD,ACCUCAST|ACCI1
ACCUMETRIC LLC,ACCB|ACCUMET
ACCUTOOLS,
ACE CHEMICAL,
ACO POLYMER PROD,ACO POLYMER PROD|ACO_POLY|ACO
ACORN ENGINEERING CO,ACORN STAINLESS|ACORN|ACRN STNLS|ACORN SAFETY|ACRN SFTY
ACT INC DEMAND SYSTEMS,ACTD|ACT D MAND SYSTEMS
ACTION BOLT SUPPLY INC,ACTION BOLT|ABSI|HODELL
ACUDOR PROD INC,ACUD
ADOBEAIR INC,ADOBEAIR|ADOI
ADS,ADVANCED|ADVDRAIN
ADVANCE E & I SYSTEMS INC,ADVE|AEISYS
ADVANCED AQUADUCK SYSTEMS,AQUADUCK
ADVANCED DISTRIBUTOR PROD,ADP|ADVD2|ADVDIST
ADVANCED DRAINAGE SYSTEMS INC,
ADVANCED GLOVES,ADVG2|ADVGLOVE
ADVANCED MODERN TECH CORP,AMTC|ADVANCED MODERN TECHNOLOGY
ADVANCED TABCO,ADVANCEDTAB CO|ADVTAB|ADVANCEDTAB|ADVTABCO|ADVANCEDTABCO|ADVANCE TABCO
AEROSOL GAS,AERSLGS
AFEEL CORP,HUNTINGT|HUNTINGTONBRS|HUNT_BRA
AFSCO,AIR FILTER SUPPLY
AFX INC,AFX
AGA MARVEL,
AIR GAP INTL INC,AIRGAP
AIR KING AMERICA INC,AIRKING|AIR_KING
AIR PROD AND CONTROLS INC,APOLLO|AIRP6
AIR SCRUBBER BY ACTIVTEK,AIR SCRUBBER|ASCB
AIR SPECIALTIES EXPRESS,AIRETECH
AIRE TECH INC,
AIREX MFG INC,AIRM6|AIREX
AIRGAS REFRIGERANTS INC,AIRGAS|AIRT2
AIRMATE,
AIRTEC PROD CORP,AIRTECH|RECTSEAL|AIRTEC
AK IND,AK INDS
ALAMO IRON WORKS INC,ALAI|ALAMOIRN
ALAMO PAD CO,ALAMOPAD|ALAP2
ALAMO,ALAMO PIPE
ALBERT STERLING & ASSOC INC,ALBSTERL|STEA
ALL-PRO FASTENERS INC,ALLP|ALLPRO
ALL-SPEC ENCLOSURES,ALLSPEC
ALLEGION (SCHLAGE LOCK CO LLC),SCHLAGE|ALLEGION PLC SCHLAGE
ALLEN CO,ALLEN & ALLEN|ALLC|ALLEN
ALLIANCE MFG REPS INC,ALLI1|ALLIMANF|ALLIANCE MANUFACTURER REPS
ALLIANCE SPORTS GRP,ALLISPRT
ALLIED BRASS INC,ALDBRS
ALLIED CONSTRUCTION SUPPLIES,ALLC7|ALLICONS
ALLOY,ALLOY STAINLESS PRODUCTES|ASP
ALLPROFESSIONAL MFG CO LTD,BIGDOG|BG_ALPF
ALLSTYLE COIL CO LP,ALLSTYLE
ALNO INC,ALNO
ALPHA,ALPHA EQUIPMENT|ALPHA PROCESS
ALTAIR,
ALYS EDWARDS,ALYS_EDW|ALYSEDWARDS|ALYSED
AMARILLO BOLT CO,AMARBOLT|AMBO
AMBA PROD LLC,AMBA
AMBLUE,
AMBRO CONTROLS PTY LTD,AMBRO
AMC IND INC,AMCI|AMCIND
AMCRAFT INC,AMCR|AMCRAFT
AMERICAN AIR COMPONENTS LLC,AMERICAN
AMERICAN BRASS & ALUMINUM,AMEB|AMERBRAS
AMERICAN DE ROSA LAMPARTS LLC (LUMINANCE),SUNSET|LUMI
AMERICAN ELITE MOLDING LLC,AMEM
AMERICAN FAUCET & COATINGS,SIGMA|AMEF6|AMERFCT
AMERICAN FIXTURE AND DISPLAY,AMDISP
AMERICAN FLOW CONTROL,AMEF3|AMERFLOW
AMERICAN GAS SAFETY LLC,CUNH|HUGHCUNH
AMERICAN GRANBY INC,AMGRANBY|GRANBY
AMERICAN LEAD FABRICATORS,METEVA|LEAP
AMERICAN LIGHTING,AMERLT|AMEL1
AMERICAN METAL PROD INC,AMERMTL|AMER_MET|AMERIVENT
AMERICAN MFG CO INC,AMEM5|AMCO
AMERICAN PRESTO,
AMERICAN SHEET METAL CO,AMESHT
AMERICAN SPECIALTIES INC,ASI|ASI INC
AMERICAN STANDARD INC,AMERICAN STD|AMERICAN STANDARD CADET 3|AMERSTD|AMER STD|NON LUXURY|AM STD|AS_BRASS|AMERICAN STANDARD|A/S|AMSTD|AMSD|AMERICANSTD
AMERICAN VALVE INC,AMEV|AMERVLV
AMERICAN VULKAN CORP,AMEV2|AMERVULK
AMERICH CORP,AMERICH
AMERISINK INC,
AMEROCK CORP,AMEROCK
AMES CO,WATTS_RG|AMES FIRE AND WATERWORKS|AMES|AMES FIRE & WATERWORKS
AMES TRUETEMPER,
AMETEK,AMET|AMETEK
AMIFAST CORP,AMIFAST|AMIC
AMTROL INC,AMTROL|AMTRL|THERM-X-TROL
ANACO,ANACO
ANN SACKS TILE AND STONE,ANNSACKS
ANNAPOLIS,
ANVIL INTL,ANVHGR|ANVIL|ANVIL INTL LP
APEX TOOL GRP,APEXTOOL|APEX SUPPLY
APG,AMERICAN PACKING & GASKET
API INTL INC,APII|APIINT
APOLLO AMERICA INC,AIRP
APOLLO VALVES,
APPION INC,APPION|APPI1
APPLIED CONTROL EQUIPMENT,KEYSTONE
APRILAIRE,APRILAIR
APSCO,ABILENE PLUMBING SUPPLY
AQUA PURE,AQUAPURE
AQUABOOST,
AQUABRASS INTL CORP,AQUABRAS|AQUABRASS
AQUAFLO,AQUA-FLO
AQUALINE,
AQUARIUS BATHWARE,
AQUATHERM INC,AQUATHER|AQUATHERM|AQUATHRM
AQUATIC,
ARGCO / ALLIED RUBBER & GASKET,ALLR2|ARGCO|RGA
ARIZONA LIFTING SOLUTIONS,
ARK,ARK LA MISS PATIENT EQUIPMENT|ARK FABRICATION
ARMACELL LLC,ARMACELL
ARMSTRONG ELECTRICAL SUPPLY CO,ARME|ARMSELEC
ARMSTRONG FLUID TECHNOLOGY,ARMSTRNG|ARMSPUMP|ARMSTRONG WEATHERLY ASSOC
ARMSTRONG PUMPS INC,
ARROW INDUSTRIES,
ARROWHEAD BRASS & PLUMBING LLC,ARROWHD|ARROWHEA|ARROWHEADBRASS|ARROWHEAD BRASS PLUMBING LLC
ASAHI/AMERICA INC,ASAA|ASAHI
ASCO VALVES,ASCO
ASHLEY NORTON INC,ASHLEY_N|ASHLEY NORTON|ASHLEYN
ASKO,ASKO APPLIANCES
ASPEN MFG INC,ASPENMFG|ASPEN|ASPM|ASPEN MFG
ASTRO GRIP,ASTROGRIP
ATCO RUBBER PROD INC,ATCO|ATCOFLEX
ATLANTIC CHEMICAL & EQUIPMENT,ATLCHEM|ATLC|ATLANTIC CHEMICAL EQUIPMENT
ATLAS FILTRI NORTH AMERICA LLC,ATLASFLT
ATLAS HOMEWARES INC,ATLASHOMEWARES|ATLAS|ATLASHOM
ATLAS MINERALS & CHEMICAL INC,ATLASMIN|ATLM
ATLAS UTILITY SUPPLY CO,ATLASUTL|ATLU
ATTIC BREEZE LLC,ATTBRZ
ATTIC TENT,
AUTOMATIC ENGINEERING INC,AUTOENG|AUTE
AUTOMATION DISTRIBUTION INC,ADI
AV SHEET METAL INC,AVSHEET|AVSH
AVENUE LIGHTING,AVENUE LIGHTING|AVENUE
AVEREN INC,IKOOL|AVEREN
AVORA PRODUCTS,
AXIOM,
AYRLETT CO,AYRC|AYRLETT
AZ LIFTING SOLUTIONS CORP,ARIL|AZLIFT
Amana,
B & J,B&J
B & K IND INC,BK_INDUS|BKIND|MUELLER|B K IND INC
B & R IND,B&RI
B L WALLACE DISTRIBUTOR INC,CONCRETE|BLWALL
B2O & ASSOC INC,B2OASSOC|B20A
BACKFLOW,BACKFLOW ARMOR
BADGER METER CO INC,BADGMTR
BANCROFT,
BANTUM,
BARCLAY WHOLESALE,BARW
BARNES,CRAP2|CRANEPUM
BARRETT,THE BARRETT|BARRETT ENGINEERED PUMPS
BARRINGTON MFG CORP,BRNGTN
BASS & HAYS FOUNDRY INC,BASSHAYS|BASH
BATES & BATES,BATB|BATES & BATES|BATES
BEACON MEDAES,BEACON
BECCA,
BECK MFG,BECK|BECB
BECKETT CORP,BECC|BECKETT
BEHAVIORAL SAFETY,BEHAVIOR|BEHAVIORAL|BHVRL SFT
BELFIELD,
BELGAS,BELGAS
BELL & GOSSETT,BELL&GOS|B & G|B&G|BELLGOSS|BELL&GOSS
BELWITH PROD LLC,BELWITH|BELWITH KEELER
BEMIS MFG CO,BEMIS|BEM
BENJAMIN MFG CO INC,BENJ|BENJAMIN
BERRY PLASTICS CORP,BERRYPLS|TYCA
BEST BATH,BESTBATH
BETTER HOME PROD,BETTER|BETTER HOMES|BETTERHM
BF PROD INC,BFPROD
BIG D TOOL CENTER,BIGDTOOL
BIG GOOSE LLC,BIGGOO
BISON COOLERS LLC,DC_BRUO|BRUTE|BISON
BK RESOURCES INC,BK RESOURCES|BKRES
BLACK JACK COATINGS,
BLACK SWAN MFG CO,BLAS|BLKSWAN
BLANCO,
BLAYLOCK,BLAYLOCK MUELLER
BLISH-MIZE CO,BLIM|BLISHMIZ
BLU BATHWORKS,BLUB3|BLU BATH|BLU BATHWORKS
BLUE FLAME PRODUCTS,
BOBRICK WASHROOM EQUIPMENT INC,BOBRICK|BBRCK
BOLD INC,BOLD_INC|BOLDINC
BOLTS AND GASKETS,BNG
BOMBER INC,BOMBER
BONNEY FORGE CORP,BONNEY|BONYFORG
BONOMI NORTH AMERICA INC,BONOMI
BOOTZ IND,BOOTZ
BORDER,BORDER STATES
BOSCH,
BOSHART IND,BOSI1|BOSHART
BOSS,
BOW INDUSTRIAL CORP,BOW_IND|CPVCGFIT
BOYD'S EQUIPMENT,BOYD
BP PORTER INC,PORB|BPPORTER
BR IND,
BRACKER,
BRAD GREER & ASSOC INC,GREERASS|GREB3
BRADFORD WHITE CORP,BRADWHIT|BRDFRD WHT|BRAD|BRADFORD|BRADFORD WHITE|BRADFO
BRADLEY FIXTURES CORP,BRADLEY|BRDLY
BRAEBURN SYSTEMS LLC,SA_BRAS3|SWIFTAIRE|BRAEBURN
BRAMEC CORP,BRAMEC
BRANCE-KRACHY CO INC,BRAK|BRANCE
BRASSCRAFT MFG CO,BRAS CRFT|BRASSCRA|BRASSCRAFT|BRASS CRAFT|BRASCRFT|BRASS CRAFT MFG|BRSCRFT
BRASSTECH INC,BRASSTEC|BRASTECH|BRASSTECH
BRAXTON HARRIS CO INC,BRAXHAR|BRAH
BRAY SALES,
BRAZOS FASTENERS INC,BRAF|BRAZOS
BREAKERS UNLIMITED,BREAKERS
BRECCO DISTRIBUTION CORP,BRECCO|BRECCO DISTRIBUTION GRP
BREM'S INC UTILITY SIGNS,BREI|BREMSINC
BRENELLE ENT INC,BRED|BRENELLE
BRIDGEPORT FITTINGS,
BRIGGS PLUMBING,BRIGGSPL|BRIGGS
BRIZO,BRIZO (aka Delta)|BRZO
BRK BRANDS INC,BRKB|BRKBRAND
BROAN-NUTONE LLC,BROAN|BROANNUTONE LLC
BRODERICK,
BROOKS PROD,BROOKS|EJBROOKS
BROOKS UTILITY,
BROWNING,
BRUCO PROD LLC,BRUCO|BRUP1
BSH HOME APPLIANCES CORP,BSH_HOME|BOSCHAPP
BUFFALO,BUFFALO MILL
BUILDER'S BEST INC,BUILDBST|BULDBEST|BUILDER S BEST INC
BULBRITE IND INC,BULI2|BULBRITE
BULLS EYE,
BUSH MFG,BUSHMFG
BUSHMAN WATER HARVESTING CORP,BUSHMAN
BUY WHOLESALE CO,BUYW
BYK ALLIANCE MARKETING GRP,BYKALLIA|BYKI
C & D VALVE LLC,CDVALVE|CD VALVE|CDVA
C R LAURENCE CO INC,
C&S AIR PROD,C&SAIR
CADON MARKETING INC,CADONMKT|CADM
CAGEWORKS,CAGEWRKS
CAIN MFG CO INC,CAIM|CAINMFG
CAL WESTERN CONVERTING INC,CALWSTRN|CALWEST|CAL WESTERN SUPPLY
CALEFFI NORTH AMERICA INC,CALN1|CALEFFI
CALIBER STEEL,LCMI
CALIFORNIA FAUCETS,
CALLAN,
CAMBRIDGE RESOURCES,CAMR|CAMBRES
CAMCO MFG INC,CAMCO
CAMERON,
CAMPBELL MFG LLC,CAMP|MERRILL
CANATURE WATER GRP,CANATURE
CANFIELD TECH INC,CANFIELD
CANPLAS LLC,CANP|CANPLAS
CANTERBURY ENT,CANTERBY|CANE
CANTEX INC,CANT|CANTEX
CAPITAL LIGHTING FIXTURE CO,CAPITAL|CAPLIGHT|CAPITAL LIGHTING
CARL E POLLEX CO,POLLEX|POLC
CARLISLE COATINGS AND,CARLISLE
CAROMA USA INC,CARU|CAROMA
CARRHILL CO,CARRHILL
CARSON IND LLC,CARSON'S|CARI|CARSON
CASHWAY,CASHWAY LUMBER|CASHWELL APPLIANCE PARTS
CASSIDY,
CAST DOMESTIC FITTING,CAST-DOM|TYLER_PI
CAST IMPORT FITTING,CAST-IMP|STAR_PIP
CAST IMPORT PIPE,
CATALAN,
CATO,CATO WESTERN
CB MARKETING,CBMKTG|CBMA
CB SUPPLIES,
CCH,
CELLO PROD INC,DALCART|CELLO
CENDREX INC,CENI1|CENDREX
CENTENNIAL BOLT INC,CENTBOLT
CENTENNIAL PLASTICS INC,CENTENN|CENGAS
CENTOCO MFG CORP,CENM|CENTOCO
CENTRAL BRASS CO INC,CENTBRAS|CENTBRS|CENTRAL BRASS
CENTRAL COMPONENTS CO,CENC|CENTCOMP
CENTURY A/C SUPPLY LP,CENTURY A/C|CENTAC|CENTURY AC SUPPLY
CENTURY BRASS MFG,CNTRYBRS
CERRO FLOW PROD INC,LINESET|CERC
CERTAINTEED CORP,CERTNTD|CERT1
CFI IND,CFII
CHALLENGER,CHALLENGER SUPPLY HOLDINGS
CHAMPION COMPONENTS INC,CHAMPCOM|CHAC21
CHAMPION IRRIGATION PROD,AQUAL|LAWNLIFE
CHAMPION/ESSICK COOLER LP,CHAMPION|ESSICK AIR|ESSICK
CHAMPIONESSICK,
CHANNELLOCK INC,CHAL2|CHANLOCK
CHARGER WATER TREATMENT,CHARGWTR|CHAW4
CHARLOTTE PIPE & FOUNDRY CO,ABSFTG|Charlotte Pipe|CharlottePipe|CHARLOTEE PIPE & FOUNDRY CO|CHARLOTEE PIPE
CHATHAM,CHATHAM STEEL|CHATHAM BRASS
CHEMIQUE,
CHEMTROL,
CHERNE,
CHICAGO FITTINGS,
CHLORINATORS INC,CHLORINA|CHLORINATORS INC|CHLI
CHRISTY,
CHROMALOX INC,CHROMALX
CHRONOMITE LABORATORIES INC,CHRONOMT|CHROMITE|CHRNMTE|CHRONMITE
CHUDNOW,CHUDNOW
CHUMLEY & ASSOC,CHUMLEY|CHUH
CHURCH SEAT CO,CHURCH|CHRCH
CIMBERIO VALVE CO INC,CIMBERIO|DC_CIMV
CIMPORT INTL LLC,CIMI|CIMPORT
CIRCLE SEAL,CRCL SEAL|CIRC SEAL|CIRCLE
CIRRUS OUTDOORS LLC,CIRU|CIRRUS
CITY PIPE & SUPPLY CORP,DWELDFIT|CITT
CLAMPETTE INC,CLAI|CLAMPET
CLARKE,CLARKE KENT
CLAUDE LAVAL CORP,LAVC1|LAVALCOR
CLC - CUSTOM LEATHERCRAFT MFG,CLC|LEATHERCRAFT|CUSTLEA
CLEANAIRE LLC,CLEANAIR
CLENAIR MFG CO INC,CLENAIR|CLEM
CLEVELAND FAUCET,
CLIMATE COMPONENT,
CLIPLIGHT MFG CO,DIVERSIT|CLIPLGHT
CLOW VALVE CO,CLOW_VLV|CLOWVLV
COAST PROD LLC,COAF|COASTPRD
COAST TAPE INC,COASTTPE|COAT1
CODY CO INC,CODY_CO|CODY
COLEMAN CABLE,
COLLINS,COLLINS OLIVER|COLLINS WALKER
COLONIAL BRONZE CO,COLNBRA|COLONIALBRONZE|COLB
COMFORT PROD INC,COMP6|COMFORT|COMFPROD
COMFORTMAKER,ICPC|ICPCORP
COMM ENAMELING CO,CECO
COMPASS MFG INTL,COMM8|FREENDO|COMPASS
COMPONENT HARDWARE,
COMPONENT MFG CORP,COMP_MFG|CMC
COMPONENT SALES OF AMERICA,COMPSLS|COMS4
COMPOTITE CORPORTATION,
COMPX NATIONAL MAILBOX LOCKS,COMPX
COMSTAR INTL INC,COMSTAR
CONBRACO IND INC,CONBRACO
CONEX BANNINGER,CONEXBP|DC_CONEX|CONEX
CONSTRUCTION SOLUTIONS,CONSTSOL|CONS11
CONTINENTAL IND INC,CONTIND|CONI2
CONTINENTAL METAL PROD INC,CONTMTL|CONM7
COOPER B-LINE INC,B-LINE|BLINE
COOPER BUSSMANN,
COOPER WIRING DEVICES,COOPERWI|COOPER WIRING
COPELAND,
COPPER STATE,ITP
COPPERFIT IND INC,GEMLINE|GMLNE|PROI2
CORBETT WINGARD & RAY INC,CWRINC|IPS_CORP
CORNERSTONE HARDWARE & SUPPLY,CORNERST|CABH
COTEY CHEMICAL CORP,COTEY|COTC
COUGAR SALES INC,COUS|COUGSLS
COVENANT PLUMBING SUPPLY,COVENANT SUPPLY
COVERTEK SALES,SJB
COYOTE,
COZY HEATING SYSTEM,
CPS PROD INC,CPSPROD|CPS_PROD
CRAFTEDMETAL,CRFTMTL
CRAFTMADE INTL INC,CRAFTMADE|CRFTMADE|CRAFTMAD
CRAFTMARK,CRAFTMARK D SYSTEMS
CRANBURY,
CRANE PUMPS & SYSTEMS,
CREATIVE SPECIALTIES,CREATIVE|CREA_SPE|CREATIVE SPECIALTY
CRESCENT ELECTRIC SUPPLY CO,CRESCENT|CREE1
CRESLINE PLASTIC PIPE CO INC,CRESLINE|CREP
CRETE SLEEVE,CRETESLV
CROWN IND LLC,CROWN IND|CRWN|CROWNIND|CROWN
CROWN PROD INC,CROWNPR|CROP
CRYSTORAMA LIGHTING GRP,CRYSTORA|CRYSTORAMA
CTS FLANGE USA,COPFLG|CTS|CTS FLANGE
CULLIGAN,CLGN
CUNNINGHAM GAS PROD,
CURB-O-LET INC,CURBOLET|CURB
CUSTOM PIPE & COUPLING,MGCPLG|MGCOUP
CUSTOM,CUSTOM WHOLESALE SUPPLY|CUSTOM PIPING SYSTEMS|CUSTOM HYDRAULICS & DESIGN
CUTTER DIAMOND PROD,CUTTER DIAMOND|CUTD
CYCLE STOP VALVES INC,CYCS|CYCSTOP
D O SMITH,DOSMITH
DA-QUICK CLIP,DACLIP
DACE MFG,DACM|DACEMFG
DACOR,
DAHL VALVE LTD,DAHL VALVE|DAHL
DAIKIN AC (AMERICAS) INC,DAIA1|DAIKIN
DALE F WATKINS,DALE
DALLAS SPECIALTY & MFG CO,DAL_SPEC|DALSPC|DALLAS SPECIALTY MFG CO
DANBY PROD INC,
DANCO INC,DANCO
DANFOSS,DANFOSS
DANTE PROD,DANTE|DANP5
DANZE INC,DANZE
DAP PRODUCTS,DAP|ECLP|DAP PROD
DAVE DOWNING & ASSOC,DOWNING|FLANDERS
DAWN IND INC,DAWI|DAWNIND
DEALERS SUPPLY,DEALERS ELECTRICAL SUPPLY
DEARBOR,
DECO LAV INC,DECOLAV|DECO_LAV
DECORE-ATIVE SPECIALTIES,DECORS
DEFLECT-O CORP,DEFLECT-O|DEFLECTO|DEFL
DEKORRA PROD LLC,DEKORRA|DEKP
DELANEY HARDWARE,DELANEY
DELANY PROD,COYD|DELANY
DELI INC,DELI
DELTA FAUCET CO,DLTA|DELTA|DELTA FAUCET
DELTA PROD CORP,
DELTA Q INC,EVERFLX|DELTAQ
DELTABREEZ,
DELTANA ENT INC,DELTANA|DELTANA ENT INC
DESIGN POLYMERICS,
DEVCO ENT INC,DEVCO|DEVE
DEWALT BLACK & DECKER,DEWALT|BLAD|DEWALT BLACK DECKER
DEXEN,
DEZI HOME,DEZI|DEZIHOME
DFW PLASTICS INC,DFW VALVE|DFW ALLIANCE|DFWP|DFWPLAST|DFW PLASTICS
DHI (DESIGN HOUSE INC) CORP,DHI|DHIINC|DESIGN HOUSE
DIABLO TOOLS - FREUD AMERICA INC,DIABLO
DIAL MFG INC,DIAL_MFG|DIALMFG
DIAMOND PLASTICS CORP,DIAQ|SDRGSKTP
DILLARD ASSOC INC,FLUS|FLUSHMAT
DIMPLEX NORTH AMERICA LTD,DIMPLEX
DIRECT SOURCE CO LTD,DIRSOU
DIRECTEDAIR,DIRCTAIR
DISTRIBUTION INTL,DISTINT|DISINT
DIVERSITECH CORP,DIVERSITECH|DIVTECH
DIXIE PAPER CO INC,DIXP1|DIXIEPAP
DIXON VALVE & COUPLING CO,DIXON|DIXONVLV
DOGIPOT,DOGIPOT
DON JO MFG INC,
DOOR JAM ARMOR CONCEPTS,DOORJAM
DORMONT MFG CO,DORMONT|DORM
DORNBRACHT,
DOUG MEADOWS CO LLC,DOUGMEAD|MEAD2
DRESSER PIPING SPECIALTIES,SMITH_BL|SMITHBLR
DRIPTITE,DRIPTITE
DRYER JACK,DRYERJACK
DUCTMATE IND INC,DUCI|DUCTMATE
DUNDAS JAFINE,DUNDAS|DUNJA
DUPAGE PROD GRP,DUPAGE
DURA PLASTIC PROD INC,DURA-CAST|PVC40FTG|DURAPLAS|DURA PLASTIC|DURA
DURA-LINE CORP,DURA-LINE|DURAL|DURALINE
DURACELL,
DURAVIT,DURVIT
DURO DYNE CORP,DURODYNE
DUST FREE LP,DUSTFREE|DUSF
DYNATEMP INTL,DYNATEMP
E J BROOKS CO,BROE
E L MUSTEE & SONS INC,MUSTEE|E L MUSTEE SONS
E O WOOD CO INC,EOWOOD|WOOE
E Z WELD GRP LLC,EZWELD
E-Z FILTER BASE MFG INC,EZ FILTER|EZFILTER|EZFI
EAGLE GRP,EAGLEGRP|EAGLE GRP|EAGLE SOLDER|EAGLE TECH|EAGF
EAST COAST METAL DISTRIBUTORS,EASTCOS|EASTCOST
EAST PRECISON,BG_EAST
EAST TEXAS LUMBER CO,ETEXLUM|EAST6
EASTMAN,
EASYFLEX,EZFLEX
EASYHEAT,
EATON,
EBAA IRON SALES INC,EBAAIRON|EBAA
EBBCO INC,EBBCO|SAFT2
EBBE AMERICA LC,
ECCO MFG,ECCM|ECCO MANF|ECCO
ECOWATER SYSTEMS LLC,ECOWTR|ECOS4
EDX INDUSTRY INC,EDXIND|EDX
EEMAX INC,Eemax Inc|EEMAX|EEMX
EGW UTILITIES INC,EGWUTIL|EGW_UTIL|EGW
EJ GROUP,
EJ USA INC,EJ_USA|EJUSA
ELECTRIC MIRROR,ELECTRIC MIRROR|ELECMIRR|ELECMIR
ELECTROAIRE,PEPS|ELECAIRE|ELECTROAIRE
ELECTROLUX HOME PROD INC,ELUXICON|ELECTROL|ELECTROLUX ICON|ELECTROLUX
ELICA CO,
ELITE COMPONENTS LP,ELITE|ELIC1
ELK LIGHTING INC,ELKLIGHT|ELKL
ELKAY SALES INC,ELKAY|ELKAY FAUCET|ELKAY LUSTERTONE|ELKY
ELKHART PROD CORP,ELKHART|COPFIT
ELMCO,ELMCO STEWART
ELMDOR ACCESS DOORS,ELMDOR
ELMDOR STONEMAN,
ELSTER GROUP,
ELSTER PERFECTION,
EMERSON CLIMATE TECH,EMERCLIM|EMERSON
EMERSON SPECIALTY MOTORS,EMERMTR|EMES
EMPIRE IND INC,EMPIRE
EMPIRE LEVEL MFG CO,EMPLEVEL|EMPL|EMPIRE LEVEL MFG
EMTEK PROD INC,EMTEK
ENCORE PLUMBING,ENC|ENCORE
ENDOT IND INC,ENDI|ENDOTIND
ENERGIZER BATTERIES,ENERG|LOGISTIC
ENFIELD INDUSTRIAL CORP,ENFIELD
ENGELHARD IND DIVISION,ENGLHRD|ENGI
ENGINEERED SPECIALTY PROD INC,ENGSPE
ENOVATIVE GRP INC,ENOV
ENVIRO WATER PROD,ENVIRO|ENVIRO WATER PROD|ENVW1|ENVIRO PROD WEST|ENVIRO WATER|ENVIRO-LINE
ENVIRONMENTAL ENHANCEMENTS,ENVIRONMENTAL
ENVIRONMENTAL IMPROVEMENTS INC,SUB_ZERO|ENVIMP
ENVIRONMENTAL PROD OF CALIFORNIA,ENVIROC
EPCO SALES LLC,EPCS|EPCO
EPIC,EPIC SUPPLY|EPIC PLASTICS|EPIC PIPING
ERICO INTL CORP,ERICO
ESAB,
ESCO INSTITUTE LTD,ESCI|ESCO
ESP HUDSON LOCK,HUDSON LOCK|ESPHUDS
ESP TRADING CO,ESPTRADE|ESP TRADING|ESP AGENCY
EVANS,EVANS & ASSOC
EVERFLOW SUPPLIES INC,EVES|EVERFLOW
EVERFLUX,
EVERPURE LLC,EVERPURE
EWC CONTROLS INC,EWCCNTL|EWCC
EWS INC,EWS|EWSI
EZ FLOW,EZ-FLOW|EZFLOW
EZ TRAP INC,EZTR|EZTRAP
EZ-FLO INTL INC,EZ_FLO|EZFLO|EZFLO INTL INC
EZFLOW BY INFILTRATOR,RINI|INFLTRTR
F E MYERS CO,FEMYERS|MYEF
F W PROD INC,FWPROD|FWPR
FABRIC SOURCES INTL LLC,FABS2|FABRICSO
FACILITY SOLUTIONS GRP,FACSOL
FAIRMONT DESIGNS,FAIRMONT
FALCON STAINLESS INC,FALCON METAL|FALCSTN|FALCON STAINLESS|FALS1
FALLTECH,FALLTECH|FALL
FALSKEN WATER SYSTEMS INC,FALW1|FALSKEN
FAMCO/FRESH AIR MFG CO,FAMCO|FREA3|FAMCOFRESH AIR MFG
FANIMATION INC,FANIMATN|FANI1|FANIMATION
FANTECH INC,FANTECH|FANT
FARGO CONTROLS,
FASCO DISTRIBUTING CO,FASC3|FASCO
FAST PARTS DIVISION OF ICP CORP,ECOBEE|FASTPART|FAST PART DIVISION|FAST PARTS
FASTSERV SUPPLY,FASTSERV
FASTSIGNS TEXARKANA,FAST11
FEBCO,FEBCO|FEBI
FEDERAL PROCESS CORP,FEDP|FEDERAL
FERGUSON ENTERPRISES,
FERNCO INC,FERNCO
FERNOX,
FETCO,
FIBER CARE BATHS INC,FIBERCARE|FIBERCAR|FIBER CARE|FIBER CARE BATHS
FIELD CONTROLS INC,FIEC2|FIELD CONTROLS
FIELDPIECE INSTRUMENTS INC,FIELDPC|FIELDPCE
FILTRATION MFG INC,FILT1|FILTMANU
FIRE PROTECTION PROD INC,FPPI
FIRST CO,FIRST_CO|FIRST CHOICE COFFEE|FIRSTCO|FIRST IMPRESSIONS
FISHER & PAYKEL,FISHER PAYKEL
FISHER MFG CO,FISHER
FIVE SEASONS COMFORT LTD,FIVS4|FIVESEA
FIVE TWO ONE INC,FIVT|5TWO1
FLAGSHIP WATER,FLAGSHIP
FLANDERS FILTERS INC,
FLARETITE INC USA,FLARETIT|FLAR
FLASHCO MFG INC,QUIKFLSH|QUIP1
FLEX-HOSE CO INC,FLEH|FLEX HOSE
FLEXIBLE TOOLS INC,FLEXTL|FLEP
FLEXICRAFT IND INC,FLEI|FLXICRFT
FLEXON IND,FLITZ
FLINT & WALLING INC,FLNTWALL|FLIW
FLIPPEN,
FLIR COMM SYSTEMS INC,FLIR|FLIRCOM
FLOMATIC CORP,FLOMATIC|FLOC3
FLOODSTOP,
FLORESTONE PROD CO,FLORESTONE
FLOW MASTER LLC,FLOWMSTR|FLOM1
FLOW-MATIC,FLOWMATICS
FLOWISE,FLOWISE WATER
FLUID SEALING PROD INC,FLUIDSEL|FLUIDSL
FLUIDMASTER INC,FLUIDMST|DC_FLUI|FLUIDMSTR
FLUKE CORP,FLUKE|FLUJ
FLUSHMATE,FLUSHMATE
FMC,FMC FLUID CONTROL|FMCTI CORP
FORMERA,
FORMOSO,
FORNEY,
FORTERRA PIPE AND PRECAST LLC,FORTERRA
FOSTER SALES CO INC,FOSS|FOSTER
FOX VALLEY SYSTEMS INC,FOXVAL|FOXV
FRANKE CONSUMER PROD INC,FRANKE
FRANKLIN CLEANING TECHNOLOGY,LAGASSE
FRANKLIN ELECTRIC CO INC,FRANKLIN|FRANKLIN PUMPS|FRAP2|FRNKLN PMP|FKLNELEC
FRANKLIN MACHINE PROD,FRANKMAC
FREEDOM,FREEDOM SHOWERS|FREEDOM PLASTICS|FREEDOM METALS
FRIEDRICH AIR CONDITIONING CO,FRIEDRIC|FRIEDRICH
FRIGIDAIRE,
FRIGIDAIRE,FRIGAIR
FROGGYS FOG,MISC|MSCTEMP
FROST KING WEATHERSTRIP,FROSTKIN
G & E ENT,GEEN|GEENTERP
G T WATER PROD INC,GT WATER|WATG|GTWATER
G90 MFG,G90MFG
GAJESKE INC,GAJESKE|GAJI
GARDNER BENDER,
GARRISON METAL - MARSHALL,GARRMTL|GARRISON
GARVIN PRODUCTS,
GASOILA,GASOILA
GASTITE PROD DIVISON,GASTITE
GATCO INC,GATI|GATCO
GEBERIT MFG-MICHIGAN CITY,GEBERIT
GEMLINE,GL_JOAC
GENE RICH & CO INC,GENERICH|GENE RICH CO INC
GENERAC POWER SYSTEMS INC,GENERAC
GENERAL ELECTRIC CO,GE|GEAPPL|GEN_ELEC|GENERAL ELECTRIC
GENERAL FILTERS INC,GENF|GENFLTR
GENERAL PLASTICS INC,GENP|GENPLAST
GENERAL WIRE SPRING CO,GENERAL WIRE|GENWIRE|GENEWIRE
GENERIC,
GENESIS METALS,GENM|GENM1|GENESIS
GEO-GLEN ENT INC,GEOG1|GEOGLEN
GEORG FISCHER CENTRAL PLASTICS,CENTPLAS|CENP|GEORG FISCHER
GEORGE KOVACS,KOVACS|KOVG
GERBER PLUMBING FIXTURES LLC,GERBER
GESSI,GESSI
GF PIPING SYSTEMS,
GLASFLOSS IND INC,GLASFLOS|GLASFLOSS
GLOBAL THE SOURCE,
GLOBE FIRE SPRINKLER CORP,GLOBE
GMR FIRE PROTECTION INC,GMRINTL|GMRI
GOLDEN LIGHTING,GOLDEN|GOLDEN LIGHTING
GOLF CART PARTS NIVEL PARTS,GOLF|CARTPART
GOOD WATER WAREHOUSE INC,GOOW|GOODWTR
GOODMAN CO LP,GOODMAN|GOOM
GOSS INC,GOSI|GOSS INC|GOSS
GPI,GASKET AND PACKINGS INC
GPK PROD INC,GPKP|GPKPROD
GRAYBAR,GRAYBAR ELECTRIC
GREAT NECK,
GREAT PACIFIC ELBOW CO,GREATPAC|GRTPAC|GREAT PACIFIC ELBOW
GREEN WAY LABORATORIES INC,MASTICLEAN|GRNWY
GREENHECK FAN CORP,MERCONST|MERC1
GRIFFIN PIPE PROD CO INC,GRIP1|GRFN PRD|GRIFFIN
GRINNELL,GRI2
GROHE,GRHE|GROHE AMERICA INC
GROOMER'S BEST,GROOMERS BEST
GRUNDFOS PUMPS CORP,GRNDFS|GRUNDFOS
GSM,GSM OUTDOORS|GSM ARIZONA
GUARDIAN DRAIN LOCK,
GUARDIAN EQUIPMENT,GUARDIAN|GARDN
GUARDWAY CORP,GUARDWAY
GUNDER & ASSOC LLC,GUNA|GUNDER
GUY GREY,GUY GRAY|GUYGRAY|GUYGREY
GWTC,GLOBAL WATER TREATMENT
H B FULLER CONSTRUCTION PROD,HBFULLER
H O TRERICE CO,HOTR|HOTRERIC
HACKNEY LADISH INC,HACL
HAFELE AMERICA CO,HAFELE|HAFA
HALLIBURTON ENERGY SERVICES,HALS|HALLIBUR
HALO WATER SYSTEMS LLC,HALO
HALSEY TAYLOR,HLSY TYLR|HALSEY
HAMAT USA INC,HOUZER
HAMILTON BATHWARE,
HAMILTON SALES INC,HAMILTON|HAMS3
HAMMOND VALVE CORP,MILW_VLV|HAMVLV
HANCOR INC,HANDCOR|HAND
HANSGROHE INC,HANSGROHE|HANSGROH|HANSGRO
HARCO,
HARD HAT SAFETY AND GLOVE LLC,HARH3|HARDHAT
HARDICAST,
HARDWARE RESOURCES INC,HARDRES|HARDWARE
HARNEY HARDWARE INC,HARNEY
HARRIS PROD GRP,HARRISPG|HARRIS
HARRIS SUPPLY SOLUTIONS INC,HARS5|HARSUPP
HART & COOLEY INC,HARTCOOL|HARTCOOLEY|HART COOLEY INC
HARVEY,
HAUSNER,HAUSNER'S PRECAST CONCRETE
HAVACO,HAVT|HAVACO
HAWS CORP,Haws CORP|HAWS|HWS|HAWSCORP
HEADWATERS CONST MATERIALS LLC,SOUC11|HEADWTR
HEAT & TREAT,HEATTREAT|HT AND TRT|HEAT AND TREAT|HT & TRT|HEATANDTREAT
HEAT AIR PROD CO,HEATAIR|HAPC
HEAT CONTROLLER INC,HEAC3|HEATCONT
HEAT TRANSFER,HEATTRAN|HEAT5
HEATLINK GRP INC,HEATLINK
HEIL,
HELLERMANN TYTON CORP,HELTYTON|TYTC
HENNESY,HENNESY MECHANICAL|HENNESY EQUIPMENT
HENRY CO,HENS2|HENRYCO
HERCULES,
HESSAIRE,HESS|HESSAIRE
HESTAN,
HIGHSIDE CHEMICALS INC,HIGC|LEAK LOCK|HIGHCHEM
HINKLEY LIGHTING INC,HINKLEY|HINKLEYLIGHTING
HIRSCH,
HISCO INC,HISC|HISCO
HIT TOOLS,
HODELL-NATCO IND INC,
HODELLNATCO IND INC,
HOLDRITE,HOLDRITE
HOLYOKE FITTING INC,HOLYOKE
HOMESTEAD VALVE DIVISION,HOMESTEAD VALVE|HOMESTEA
HOMEWERKS WORLDWIDE,
HONEYWELL INTL INC,GRAI3|HONEYWELL BRAUKMANN|GRAINGER|HONEYWELL
HORIZON DISTRIBUTORS INC,HORIZON|HORZDIST
HOT BOX NFE INC,HOTBOX|HOTB
HOUSTON MFG,HOUSTON CENTER|HOUSTONMFG|HOUSTON TUBULARS|HOUSTON IRRIGATION|HMSI|HOUSTON HOSE & SPECIALTY|HOUSTON FASTENERS
HOUSTON WIPER & MILL SUPPLY CO,HOUWIP|HOUW
HOUZER,HOUZER SINK
HT AIR SYSTEMS,HT AIRSYSTEMS
HTP GRP,HTPROD
HUBBELL,
HUDSON TECH CO,HUDSONT|HUDS
HUDSON VALLEY LIGHTING,HUDSON|HUDSONVALLEY
HUGH M CUNNINGHAM INC,
HUNTER INDUSTRIES,
HY-KO DIRECT THRU MOORE-HAND,HYKO
HY-TECH INVENTIONS INC,HYTE|HYTECH
HYDRA-ZORB,
HYDRAPRO,
HYDRO SYSTEMS,HYDRO|HYDROSYSTM|HYDROSYS
HYDRONIC SYSTEMS,HYDRONICS
HYDROTEK INTL INC,HYDROTEK
HYRDAPRO,HYDP|HYDRAPRO
ICERA LLC,ICERA
ICM CONTROLS CORP,ICMC|ICMCNTRL
ICOOL USA INC,ICOOL
IDEAL CLAMP PROD INC,IDEALCLAMP
IDEAL TAPE CO INC,IDEALTAP
IMCOA,INSULATN
IMPERIAL CAL PROD,IMPERIAL
IN-O-VATE TECH INC,INOVATE|INOV
IN-SINK-ERATOR DIVISION,IN-SINKERATOR|INSINKERATOR|INSINKER|INSINK
INDEPENDENT ELECTRICAL SUPPLY INC,IES
INDUSTRIAL EQUIPMENT CO,INDEQUIP|INDE1
INDUSTRIAL LUBRICATION &,INDLUB|INDL1
INDUSTRIAL SYSTEMS INC,INDSYSINC
INDUSTRIAL THREADED PROD,
INDUSTRIAL VALCO INC,INDVALCO|INDV
INFACT CORP,INFC|INFACT
INFICON INC,INFICON|INFI
INFILTRATOR SYSTEMS INC,INFS|INFILTRATORSYSTEMS
INFINITY DRAINS,INFINITY|INFINITY DRAIN
INSULATING SERVICES INC,INSLSRV
INSULSURE/ATTIC TENT,ATTT|INSULSUR
INTELLIHOT INC,INTELHT
INTER ARCHITECTURAL,INTERARCHITECTURAL
INTERMATIC INC,INTI3|INTERMAT
INTERSTATE ALL BATTERY CENTER,INTA|INTBATT|INTERSTATE
INTL COMFORT PROD LLC,INTL COMFORT PROD COMM|INTL COMFORT PROD|ICP
INTL PRO SOURCE,INTLPRO
INVENSYS CLIMATE CONTROLS,INVENSYS
IO SYSTEMS,IO SYSTEMS|IOSYSTEM
IPEX USA LLC,IPEX_USA|IPEX
IPS CORP,IPSCORP|IPS CORP|IPS WATERTITE
IPS ROOFING PRODUCTS,
IRWIN INDUSTRIAL TOOL CO,IRWIN
ISI COMM REFRIGERATION,ISICOMM|ISIC
J C SUNSHINE SALES INC,JCSU|JCSUNSH
J C UTILITY SALES INC,JCUT|JCUTIL
J E DUNN OF TEXAS,JEDUNN|DUNJ1
J P LAMBORN CO,LAMBORN|J P LAMBORN
J-M MFG CO INC,
J/B IND INC,JB_INDUS|JBII
JACKSON SYSTEMS LLC,JACKSYST|JACS
JACLO IND,JACLO
JAIN IRRIGATION INC,AGRP1|JAIN
JAMES JONES,
JASON INDUSTRIAL,JASONIND|JASON
JASON INTL INC,JASI|JASON INT'L|JASONINT
JAY R SMITH MFG CO,JRSMITH|RSMITH|JR SMITH|JRSMTH|SMITH|JAY R SMITH MFG CO|JAY SMITH|J R SMTH|JAYRSMITH|JAY R SMITH MFG|J R SMITH
JB PROD,
JC WHITLAM MFG,MCKA|MCKINNEY
JCM IND INC,JCM_IND|JCMIND
JEDCO SUPPLY,JEDCO
JEFF STEVENS,JEFFSTEV|JONES_ST
JENN-AIR,JENNAIR
JET STREAM PIPE LIFE,JETS|JETSTRM
JETTA CORP,JETTA
JIM COX SALES INC,COXJ|JIM COX|COXSALES
JJ TOOLS,BG_JJTL
JM EAGLE,JMMC
JMB IND LLC,JMBI|JMBIND
JMF CO,JMFC|JMFCO
JOE R MAYOILFIELD,JOE R MAY OILFIELD
JOHN DEERE LANDSCAPES/LESCO,JHNDEERE|JOHD
JOHN GUEST USA INC,JHNGUEST|JOHNGU
JOHNS MANVILLE INT'L INC,JOHNMANV|MANJ1
JOHNSON CONTROLS INC,JOHNCTRL|JOHNSON-BURKS|JOHNSON COUNTY|JOHC5
JOMAR INTL LTD,JOMAR
JONES STEPHENS CORP,JONESTEP
JONESPEC,JONE|JONESPEC
JOOMLA,
JOSAM CO,JSM|JOSAM
JOSCO PROD,JOSCO
JUNO LIGHTING INC,JUNO_LGT|JUNO
JUST,JST|JST MFG|JUST|JUST MFG CO
JVJ HARDWARE,JVJ_HARD|JVJ
K & K SUPPLY INC,KKSUPPLY|K&K|KKSU|K & K
K-FLEX USA LLC,NOMACO|KFLEX
K-RAIN MFG CORP,KRAM|KRAINMFG
KALAS,
KALLISTA,
KARLSON PRIVATE LABEL,KARLSON
KARP ASSOC INC,KARC|KARPINC
KARTNERS BATHROOM ACCESSORIES,KARTNERS
KASON,KASON IND
KEENEY MFG CO,KEENEY
KELLY PIPE CO LLC,KELP|IMSTLP80
KELLY'S,KELLY
KELVION,
KENNEDY WIRE ROPE & SLING CO,KENW2|KENWAY
KESSLER SALES & DISTRIBUTION,KESSLER|DMSTLP
KICHLER,
KIDDE FIREX,KIDDE
KING BROS INC,KINGBROS|KINGBRO
KING INNOVATION,KINI2|KINGINNO
KINGSTON BRASS INC,KINGSTBR
KISSLER & CO INC,KISSLER
KITCHENAID,KTCHAID
KITZ CORP OF AMERICA,KITZCORP|KITZ
KLEIN TOOLS INC,KLEIN TOOLS|KLEIN|KLEIN_TL
KNIPEX TOOLS LP,KNIP|KNIPEX
KNOX SALES CO,KNOX|KNOXSLS|KNOC
KODIAK CONTROLS INC,KODIAK
KOHLER CO,KOHLER VAULT|KOHL|KOHLER|KHOLER|KOH|KHLR|KOHC_FCT|KHLER
KOLDAIRE SUPPLY CO INC,KOLDAIRE|KOLS
KORKY,
KOSO EARTHQUAKE VALVES,KOSO
KRAUS USA,KRAUS|KRAU
KRAUSZ USA INC,KRAUSZ|HYMAX
KROWNE METAL CORP,KROWNE
KUZCO LIGHTING LLC,KUZCO
KW TOOLS,BG_KWTL
KWIKSET,KWIKSET
L F MFG INC,LFMA|LFMFG
L R NELSON CORP,LRNELSON|NELL1
LA CORNUE,CORNUFE|CORNUE
LA-CO IND INC,LACI|LACO|LA-CO
LAB SECURITY PROD,LABSEC
LACAVA,LACAVA
LADTECH,
LAGASSE JANITORIAL,
LAING THERMOTECH INC,LAIT|LAING
LAMBRO IND INC,LAMI1|LAMBRO
LARRY WUNSCH & ASSOC,WUNL
LARSEN SUPPLY CO INC,LARSEN|LARSEN SUPPLY CO INC
LASALLE AIR SYSTEMS,LASALLE
LASCO FITTINGS INC,ROBS
LAVELLE IND INC,LAVELLE|LAVI
LAWLER MFG CO INC,LAWLER|LWLR|LAWM
LEAD PROD CO INC,LEADPROD|LEADPROD
LEAKSMART,LEAKSMRT
LEDCO DOORS,LEDCO|DYKE_IND
LEGEND VALVE & FITTING INC,LEGENDVALVE|LEGEND
LENOVA INC,LENOVA
LENOX AMERICAN SAW & MANUF,LENOX
LENTUS LLC,
LEONARD VALVE CO,LEONRD VLVE|LEONARD|LEONARD VALVE|LEONRD
LEWIS PIPE CO,LEWISPIP|LEWP
LG ELECTRONICS USA INC,LG_HVAC|LG ELECTRONICS USA INC|LG
LH DOTTIE CO,LH_DOTTI|LHDOTTIE
LIBERTY PUMPS INC,LIBERTY|LIBERTYP|LBRTY PMP|LIBERTY PUMPS
LIFT SAFETY,LIFTSFTY|LIFT_SAF
LINESETS INC,LINI2|LINESETS
LINKASINK,LINK|LINKASINK|LINKASNK
LIPIDEX CORP,LIPIDEX|LIPI
LITTLE FIREFIGHTER CORP,LITTLEFF
LITTLE GIANT FITTINGS CO INC,LITG1|LITGIANT|LTL GNT
LITTLE GIANT HEATER CO,LITHONIA|LITL
LOCHINVAR,LCHNVR
LOGISTICS SUPPLY,
LONESTAR,LONE STAR
LOPEZ UTILITY SUPPLY CO,LOPEZUTL|LOPU
LOUISVILLE LADDER INC,LOUISLAD|LOUL
LOUISVILLE TIN & STOVE CO,LOUISVIL|COZY
LSP PROD GRP,LSP_PROD|LSPPROD
LUCAS-MILHAUPT INC,LUCM2|LUCASMIL
LUMINANCE,
LUX PROD CORP,LUXPROD|LUXP
LYNX GRILLS,LYNX PROFESSIONAL GRILLS|LYNX
M & G DURAVENT INC,DURAVENT
M & H VALVE CO,MH_VALVE|MHVALVE
M & M MFG LLC,M & M|M&M|MMMC|M MFG LLC
M & M SALES INC,MMMFG|MMMA
M & P FLANGE & PIPE PROTECTION,MPFLGPIP|MPFL
MACARTHUR CO,FGINSUL
MACK MCCLAIN & ASSOC INC,
MAGIC PLASTICS INC,MAGICPL|MAGP
MAINLINE BACKFLOW PROD,MAINLINE
MAINSTREAM ENGINEERING CORP,MAINENGN|MAIE2
MAJESTIC STEEL USA INC,MAJESSTL|MAJS1|MAJESTIC
MALCO PROD INC,MALCO TOOLS|MALCO
MANSFIELD PLUMBING PROD,MANSFIX|MANSFIEL
MAPA PROD,MAPA|MAPP
MARK ALLIANCE,IGN_AVAI
MARKAL,
MARKETAIR INC,MARKETAIR|MKTA
MARKETING PRO'S,MARKETING PROS
MARKING SERVICES INC,PIPEMRKR
MARS - MOTORS & ARMATURES INC,MARS|MARS JACKSON
MARSHALL INSTRUMENTS,
MASON IND INC,MASON|MASON-MERCER|MASI1|MASONIND
MASTER COOL,MASTERCOOL
MASTER LOCK CO LLC,MSTRLOCK|MASL
MASTER METER,MSTRMTR|PEPCO|MASM1
MASTERCOOL INC,MAST1|MSTRCOOL
MASTERSEAL,
MATCO NORCA INC,MATCO_NO|MATCOVLV|MATCO-NORCA INC|MATCONORCA INC
MATHESON GAS,MATHESON TRI-GAS|MATHESON TRI GAS
MAXIM LIGHTING,MAXIM_LI|MAXIM
MAXITROL CO,MAXITROL
MAXSTRAPS INC,MAXS1|MAXSTRAP
MAXX US CORP,MAAX US CORP|MAAX|PEAC
MAXXEON INC,MAXXEON
MAYFIELD POOL SUPPLY LP,MAYFIELD|MAYP1
MCC USA INC,MCCUSA|MCCU
MCCARTY EQUIPMENT CO LTD,MCCARTY
MCDANIEL METALS INC,MCDANMTL|MCDANIEL
MCDONNELL & MILLER,
MCELROY MFG INC,MCEM
MCGUIRE MFG CO INC,MCGUIRE|MCCGUIRE|McCGUIRE|MGUIRE|MCCGRE|MCGUIR
MCR SAFETY,
MCWANE DUCTILE,MCWANE
MEDSAFE,MEDS3|MEDSAFE
MEGA WESTERN SALES,MEGAWEST
MERFISH PIPE & SUPPLY LP,MERS
MERIAM PROCESS TECH,MERIAM|MERP
MERIT BRASS,DOMBRLF|MERIT_BR
MERKET IND,MERI|MERKET
MERRILL MFG,
METACAULK,
METAL FAB,BVENT|METALFAB
METAL IND INC,SA_METI4|METALIND
METAL PROD CO,METAL PROD|METALPRO
METAL ZINC LLC,MTLZINC
METAL-FAB INC,
METALLICS INC,METALICS
METCRAFT,MTCRFT
MIAMI TECH INC,MIAMITE|MIAMI_TE
MID WEST GLOVE & SUPPLY INC,MWGLOVE|MIDW2
MID-AMERICAN RESEARCH CHEMICAL,MIDAMRES|MID-AMERICA|MID AMERICA|MIDA1
MIDLAND METAL MFG CO,MIDLMTL|MIDN
MIDLAND MFG CO,MIDLAND MFG CO|MIDM|MIDLMFG
MIDWEST RO/ HOME RO,HOMR|MWHOME
MIDWEST TOOL & CUTLERY CO,MWTOOL
MIDWESTERN INSULATION INC,MWINSUL|MIDI
MIDWESTERN PIPELINE PROD,MWPIPE|MW_PIPE
MIELE,
MIFAB INC,MIFB|MIFAB|MIFAB INC
MIKE RAY MFG INC,MIKERAY|MIKE_RAY
MIL3 INC,MIL3|MILSTEAD SUPPLY
MILCOR,
MILJOCO,
MILLENIUM LIGHTING INC,MILNIUM|MILLENIUM|MILL2
MILLIKEN VALVE CO INC,MILLIKEN
MILWAUKEE ELECTRIC TOOL,MILW_ELE|MILWTOOL|MILWAUKEE ELECTRIC|MILWTL
MILWAUKEE VALVE CO INC,MILVLV|MILWAUKEEVALVE
MILWAUKEE,
MINKA AIRE,MINKA_AI|MINKAIRE|MINKA AIRE
MINKA LIGHTING INC,MINKALAV|MINKA_LA|MINKA
MIRO IND INC,MIROIND|MIRI
MISC COD,
MISSION CLAY PROD,MSNCLAY
MISSION MFG,MISM|MISSN
MISSION RUBBER CO,
MITCHELL METAL PROD,MITCHELL|MITCHMET
MITEK,MITEK
MKM SALES INC,MKMS|MKMSALES
MKT FASTENING LLC,MKTFAST|MKTG
MODERN PROD,MODP
MODINE MFG CO,MODINE|MODM
MOEN INC,MEN|MOEN|MOENFCT
MOEN/CLEVELAND FAUCET GROUP,
MOEN/CREATIVE SPECIALTIES,
MONROE HARDWARE CO INC,CLOSETMA
MONTE CARLO FAN CO,MONT
MORSCO,
MORTEX PROD INC,MORTEX
MOTION & FLOW CONTROL,MOTION
MOUNTAIN PLUMBING PROD,MOUNTAIN PLUMBING
MOUSER ELECTRONICS,MOUSER
MSD RESEARCH INC,MSDR|MSDRSCH
MTI WHIRLPOOLS INC,MTIWHI|MTI
MTS THREADED PROD CO,MTST|MTSTHRD
MUELLER IND INC,MUEB
MUELLER STEAM,MUELSTM|MUES
MUELLER STREAMLINE CO,MUELLER STREAMLINE
MUELLER SYSTEMS,HERSEY|MUEL_SYS|MUELLER SYSTEMS
MULTI FITTINGS CORP,MULF|MULTIFIT
MURDOCK SUPER SECUR LLC,MRDCK
MURRAY FEISS IMPORT LLC,MURYFEIS|MURRAYFEISS
MYERS,MYRS
N WASSERSTROM AND SONS,N WASSERSTROM & SONS
NACIP,NORTH AMERICAN CAST
NAMEEKS,NMEKS
NANTUCKET SINKS USA,NANS|NANTUCKT|NANTUCKET
NATIONAL OILWELL VARCO LP,MISO|NATOILV
NATIVE TRAILS,NATIVE|NATIVTRL
NAVAC GLOBAL,NAVAC
NAVIEN AMERICA INC,NAVIEN|NAVIVENT|NVN
NDA DISTRIBUTORS,NDA|NDADIST
NDS INC,NDS
NEBO,
NELCO PROD INC,NELCO|NELC
NELSON WOOD SHIMS,
NEENAH FOUNDRY,
NEOPERL INC,NEOI|NEOPERL
NEPTUNE TECHNOLOGY GRP INC,NEPTUNE|SCHR1
NEST LABS INC,NEST|NEST LAB
NEUCO INC,NEUCO
NEUTRASAFE,
NEW CONSTRUCTION SOLUTIONS,
NEW HORIZON SALES,PLAS_TRE|CPVC80F
NEWAGE,NEWAGE
NEWCO,NEWCO
NEWPORT BRASS - GINGER,GINGER|NEWPORT|NEWPORT BRASS
NIAGRA,NIAGARA
NIBCO,NIBCO|NIBVLV|NIBCO INC
NIDEC MOTOR CORP,NIDM|NIDEC
NISCO - NAT'L INSTRUMENT SUPPL,WEII1|WEISS|NISCO
NIX MFG,NIXMFG|NIXM
NOBLE CO,NOBC|NOBLECO
NOMACO INSULATION,
NORA LIGHTING INC,NORALITG|NORL3
NORDYNE INC,NORDYNE
NORITZ AMERICA CORP,NORITZ|NRTZ
NORMA,
NORTH AMERICAN PIPE CORP,NAPIPECO|SDRBLOCK
NORTH AMERICAN PROCUREMENT CO,NORA6
NORTH STAR WATER CONDITIONING,NSTARWTR
NORTHSTAR IND,NORI1|NSTARIND
NORTHSTAR TOOLS INC,NORT8|NSTARTL
NORTHTOWN CO,NORC
NORTON MCMURRAY MFG CO,NORM3|NORTMCM
NORWECO,
NORWESCO INC,NORWESCO
NOV WILSON LP,WILI1
NOVAFLEX,
NPS IND,NPSI|NPSIND
NSI IND LLC,NSI|NSII|NSIINDUSTRIES
NTI BOLIERS,
NU-CALGON WHOLESALER INC,NUCALGON|NU CALGON|NUCAL
NUGEN PURE WATER SYSTEMS,NUGEN
NUMEX PLASTICS INC,NUMP|NUMEX
NUPI AMERICAS INC (NIRON),NUPI|NIRON|NUPI AMERICAS INC NIRON
NUVIK USA INC,NUVIK
NUVO H2O,NUVO
NUVO LIGHTING,
NY THERMAL INC,NYTHRML|NYTH
O C KECKLEY CO,KECKLEY
OAKVILLE STAMPING & BENDING LTD,OSB|OAKVILLE STAMPING BENDING LTD
OASIS,OASISCOOLERS|OASIS COOLERS|OASIS INTL
OATEY SUPPLY CHAIN SRVCS INC,OTY|OATEY
OCEANA LLC,OCEANA|OCEANA LLC
ODD BALL,ODDBALL
OEM PROD INC,OEMPROD|OEMP
OLDCASTLE PRECAST INC,BROP|OLDCSTL
OLIVERI,OLIVERI
OLYMPIA FAUCETS,OLMPA FCT|OLYMPIA
OMEGAFLEX INC,OMEGA|OMEGAFLEX|OMEGAFLX|TRACPIPE
OMNIPURE,
ONICON,
ORAS ETERNA,ETERNA|ORAS
ORION ENT INC,ORION
ORS NASCO INC,ORS_NASC|ORSNASCO
OSHKOSH FIRE & POLICE,OSHKOSH|OSHF|OSHKOSH FIRE POLICE
OSLIN NATION CO,ITRON|OSLINNATION|OSLIN|OSLNNATN
OUBO HARDWARE,BG_OUBO
OUTDOOR SHOWER CO LLC,OUTDRSHW|POOS
OVERHEAD DOOR CO/GARDEN CITY,OVED18|OVERHD
OWENS CORNING SALES LLC,OWENSCORNING|OWCORN|OWEN_COR
OZARKA SPRING WATER CO,OZAR|OZARKA
P & M MFG CO,PMMA|PMMFG
P W EAGLE PLASTICS CO,PWEAGLE|UPOE
P-TEC PROD INC,PTEC
PAC-FAS,PACFAS|PACF
PACE INC,PMISALES|PACEMACH
PACIFIC ECHO,PACE
PACIFIC PLASTICS,
PACIFIC SEISMIC PROD,PACIFIC SEISMIC
PACKARD INC,PACK|PACI1
PAIGE ELECTRIC CO LP,PAIE|PAIGE
PALMERS PLASTICS,
PAMEX INC,PAMEX
PAMREX,
PANASONIC CORP OF NA,PANA|PANASONC|PANASONIC
PARAGON BUILDING PROD,AGGREGAT|CEMENTS
PARKER HANNIFIN,PARKER_H|PARKHAN
PARTS MASTERS,PARTSMASTERS|APM_SUPL|PRTSMSTR
PASCO SPECIALTY & MFG INC,PASCO|PASCO SPECIALTY MFG INC
PCI IND,PCI|PCII
PECO FASTENERS,PECOFAST|PECO_FAS
PEERLESS,PRLS
PEGLER LTD/ATTN: ACCT DEPT,PEGLER|PEGL
PENTAIR WATER,PENTAIR|AMERICAN PLUMBER
PEPCO SALES & MARKETING,PEPSEAT|PEPCO SALES MARKETING
PERFECT AIRE LLC,PERFAIR|PRFCTAIR
PERFECTION CORP,PERFCORP|PERC
PERFECTO PROD INC,PERP1|PERFECTO
PERMASERT,
PETERSEN PROD CO LLC,
PETRA IND,PETRAIND
PEXCRIMPUSA,PEXUSA
PF WATERWORKS,
PFISTER,PFSTR|PRICE PFISTER INC
PHD MFG INC,PHD_MANU|PHDMFG
PHOENIX FORGING CO INC,PHXFORG|PHOF|PHOENIX WELDING SUPPLY
PHOENIX MFG INC,PHXMFG|PHOM|PHOENIX SUPPLY|PHOENIX PUMPS
PHYLRICH INTL,PHYLRICH
PIC GAUGES,
PIETRO,PIETRO
PIM TEST,NONSTOCK|INRIVER
PINNACLE GAS PROD,PINNGAS
PIONEER INDUSTRIES,
PIPE PIER INC,PIPEPIER
PIPE PROP,
PIPE-TYTES INC,PIPETYTE|PIPT
PIPELIFE JET STREAM INC,
PIPING PROD INC,PIPINGPR|PIPP3
PLASSON,PLASSON USA
PLASTI-SLEEVE,
PLASTIC ODDITIES,PLAO|PLASTODD
PLASTIC TRENDS,PLSTRND|PLASTIC TRENDS
PLUMBEREX SPECIALTY PROD INC,PLUMEREX|PLUS1
PMI EQUIPMENT INC,PMIE|PMIEQUIP
PMI SALES & MARKETING SRVC INC,PMIS
POLYETHYLENE TECHNOLOGY INC,POLYPIPE
POLYLOK,
POLYMER ADHESIVES SEAL,POLYADH|POLA|POLYMERADHESIVES
POLYPIPE INC,CSRP
POSH PLUMBING,POSH
POTTER ROEMER LLC,POTR|POTTER ROEMER|POTTERRHM|POTTER ROEMER LLC|POTTER-ROEMER
POWEREX,
POWERS FASTENERS INC,PWRS|POWERS FIAT|POWERS|MCPD|FIAT
PPS PACKAGING CO,PPSP|PPSPACK
PRATL TECH LLC,PRATLTEC|VINDEX
PRATT INDUSTRIAL,PRATTIND
PRAXIS COMPANIES LLC,PRAXIS IND|PRAXIS
PRECISION PLUMBING PROD INC,PRECISIN|PRECISION PLUMBING PROD|PPP INC|PRCS PLMB|PPP|PRECPLUM|PRECISION PLUMB PROD|PRECISIONPLUMBING|PRECISION PLUMB PROD|PRECISION PLUMBING|PPP
PREDCO,PREJ|PREDCO
PREFERRED CONSTRUCTION PROD,PREFCON|PERC2
PREFERRED PUMP,PREE|PREFSALE
PREMIER COPPER PROD,PRMRCPR|PREMIER
PRESTO TAPE,PRET|PRESTO
PRIER PROD INC,PRIER
PRIMAX,
PRIME-LINE PROD,PRLP|PRIMELINE
PRIMESOURCE BUILDING PROD,PRIMESRC|PRIB
PRO PROD,PROP5|PROPROD
PRO-EDGE IND INC,PROEDGE
PRO1 IAQ INC,PROI4|PRO1IAQ
PROAC CORPORATION,IMCOA
PROCESS SOLUTIONS INC,PROS3|PROCSOL
PROFESSIONAL TRADE MFG LLC,PTM|PROFESSIONAL TRADE MFG LLC
PROFLEX CSST OFFICE,PROFLEX
PROGRESS LIGHTING INC,PROGRESS
PROLINE,
PROPROD,
PROSET SYSTEMS INC,PROSETSYSTEMS|PROSET|PRSTSYSTMS|PROS
PROTECT PLUS IND LLC,INDF3|PROTPLUS
PROTECTIVE INDUSTRIAL PROD,PROTIND
PROVENT SYSTEMS,
PROVIDENCE PIPE PROD INC,PROVPIPE|PROP14
PTUBES INC,PTUBE|PTUBES
PULSAR 2000 INC,PUL2|PULSAR2K
PULSE SHOWER SPAS INC,PULSE
PUMPS OF HOUSTON INC,PUMO
PUNTER DISTRIBUTING INC,PUNTER|SAFF1
PURE WATER,PUREWATER
PVI IND LLC,PIPERVLV|PIPV
PYRAMEX,
QM USA CORP,QMDRN|QM DRAIN
QUALITY CULVERT CORP,QUALCULV
QUALITY INDUSTRIAL PROD,QUAI2|QUALIND
QUANTUM DISTRIBUTION INC,QUANTUM|WESW2
QUEST/VAPCO CORP,GARC|VAPCO
QUICKFLASH WEATHERPROOFING PROD,QUICKFLASH WEATHERPROOFING
QUOIZEL INC,QUOZ|QUOIZEL
QUORUM INTL,QUORUM
QWIK PRODUCTS,
R & M WATER GRP,WATT2|RMWATER
R CHRISTENSEN HARDWARE CORP,BERENSON
R P R SPECIALTIES,RPRS|RPRSPEC
R W BECKETT,
R W LYALL & CO INC,LYAR|R W LYALL|RWLYALL|RW LYALL
R&B WHOLESALE DISTRIBUTERS INC,SABG|HOSHIZAK
RACK-STRAP INC,RACKSTRP|RACS
RADIANS INC,RADIANS|RADI2
RADIATOR SPECIALTY CO,RADIATOR|RADISPEC
RAIN BIRD,
RAM TOOL AND SUPPLY CO,BLUT|RAMTOOL
RAPID LOCKING SYSTEM,RAPIDLCK
RAYCHEM HTS,RYCHM|RAYCHEM|RAYC2
RAYKCO,RAYK|RAYKCO
RAYOVAC CORP,SPECTRUM|SPEB2
RAYPAK INC,RAYI|RAYPAK
RAYTEX SUPPLY CO,RAYTEX|RAYS1
RCD CORP,RCDC
RECAPCO INC,RECAPCO|RECA
RECTORSEAL,RECSEAL
RED DEVIL INC,REDD|REDDEVIL
RED HEAD,
RED WHITE VALVE,RWV
RED WHITE,RED WHITE|R&W
REDWHITE,RED_WHTE|REDWHITE
REED MFG CO INC,REED_MFG|REEDMFG
REFCO,REFCO|REFM
REFLECTIX INC,REFLECTX|REFLECTIX|REFL
REFRIGERATION TECH,REFT|REFRIGTE
REGAL BELOIT EPC INC,AOPARTS|REGALBEL
REGENCY WIRE & CABLE INC,REGENCY
REHAU INC,REHAU
RELIANCE DETECTION TECH,RELIDET
RELIANCE WORLDWIDE CORP,SHARKBITE|CASHACME|SHRKBITE
RELINER/DURAN INC,RELD|RELINER
REMCRAFT LIGHTING PROD,REML|REMCRAFT
REMS-WERK,
RESIDENTIAL ESSENTIALS LLC,RESESSNTL|RESE1
RESOURCE CONSERVATION TECH INC,RESC|RESCONS
RGF ENVIRONMENTAL GRP INC,RGFE|RGFENVIR
RHEEM MFG CO,RHEM|RHEEM|RHEEMRES|RHEEM SALES CO INC
RHH FOAM,RHHFOAM
RHINO MARKING PROTECTION SYSTEM,RHINOM
RICHELIEU HARDWARE,RICA5|RICHELIEU|RICHELIE
RIDGE TOOL CO,RIDGTOOL|RIDGID|RIDGIDTOOL
RIDGID TOOL CO,TOOLRENT
RIIFO,RIIFO
RINNAI AMERICA CORP,RNAI|RINNAI|RINNAI AMERICAN CORP
RINO COMPANIES INC/PERFORMANCE,RINOCO|RINC1
RINO FLEX CONNECTORS,
RIOBEL INC,RIOBEL
RITCHIE ENGINEERING CO INC,RITCHIEENGINEERING|RITCHIE
RITESCREEN,RITESCRE
RITMO AMERICA LLC,RITMO|RITA
RJS TECH LLC,RJST|RJSTECH
RK INTL INC,RKINTER|RK_INTER
RMS OF GEORGIA,CHOICE_R|CHOICER
RMV - RED-WHITE VALVE CORP,
ROBERN,
ROBERT BOSCH TOOL CORP,BOSR|ROBBOSCH
ROBERTSHAW CONTROLS CO,ROBC
ROBO-FIT INC,ROBOFIT
ROHL LLC,
ROMAC IND INC,ROMAC
RON HENSON MANUF REP INC,RHENSON|HENR
RONBOW CORP,RONBOW CORP|RONBOW
ROSCO INDUSTRIAL SUPPLY INC,ROSCO
ROSEN MATERIALS,ROSEN|ROSEN METERIALS
ROTHENBERGER USA LLC,ROTHENBE|ROTU
ROUGHNECK SUPPLY LLC,ROUGHNEC|ROUGHNK
ROYAL BATHS MFG LTD,ROYD|ROYALBTH
ROYAL METAL PROD,ALCO|ROYMET
RRR INDUSTRIAL SALES LP,
RUBBERMAID COMM PROD,RBRMD|GOTT
RUST-OLEUM,RUSO|LANCASTE|RUSTOLEUM CORP
RUSTICWARE LLC,RUSTWARE|RUSTICWR
RUSTOLEUM CORP,
RWV - RED-WHITE VALVE CORP,RWV REDWHITE VALVE CORP
S & S MFG CO,SSMC|SSMFG
S&P VENTILATION SYSTEMS,
SABER GRILLS LLC,NEWPROD
SAF-T-GLOVE,SAFTGLOV|SAFT
SAFE T COVER,SAFE-T-COVER|SAFE-T COVER
SAFE-FLOW,
SAKRETE,
SANDERSON PIPE CORP,TEX1|SANDERSN
SANI SEAL GASKET LLC,SANISEAL|SANS16
SANTEC INC,SANTEC
SARCO OF TEXAS,SART
SAS SAFETY CORP,SASSAFTY|SAS_SAFE
SATCO PROD OF TEXAS INC,SATCO|SATCO PROD OF TEXAS INC
SAUERMANN NA CORP,SAUERMAN|SAUE
SCHAUB & CO,SCHC3|SCHAUB
SCHIER PROD CO,SCHR|SCHIER|SCHP
SCHLUTER/KERDIDRAIN,SCHLTR/KRDRN|SCHLUTER|KERDIDRAIN
SCHNEIDER ELECTRIC,
SCHWANK USA INC,SCHWANK|INFR
SCHWINN HARDWARE INC,SCHWINN
SCOTSMAN,SCOT
SDR PIPE,SDRPIPE
SEA GULL,SEAGULL
SEAL FAST INC,SEAF|SEALFAST
SEALED UNIT PARTS CO INC,SUPCO
SEEKONK MFG CO INC,SEEP|SEEKONK
SELKIRK CORP INC,SMALL GAS VENT|SELKVENT
SENSIBLE PROD,SENP|SENSIBLE PROD|SENSPROD
SEPTIC PROD INC,SEPTICPR|SEPP
SERAMPORE IND,SERI|SERAMPOR
SERVICE GAS SUPPLY INC,SERVGAS|SERG
SERVICE TOOL CO LLC,SERT|SERVTOOL
SEYMOUR MFG CO INC,SEYMOURM|SEYM
SEYMOUR OF SYCAMORE INC,SEYOFSYC|SEYS
SFA SANIFLO INC,SANF|SANIFLO
SHARP,
SHOOK MFG PROD,SHOOKMFG|SHOM1|SHOOK MANUFACTURED PROD
SHUBEE INC,SHUB|SHUBEE
SHURJOINT PIPING PROD,SHUJOI
SHURTAPE TECH LLC,SHUM|SHURTAPE|SHURTAPE TECH INC
SIEMANS,
SIERRA WEST DISTRIBUTING,SIERRWST
SIGMA CORP,
SIGN OF THE CRAB LLC,SIGNCRAB|SIGN OF CRAB
SIL FOS,
SILVER-LINE PLASTICS CORP,SLVRLINE|SILVERLINE PLASTICS CORP
SILVERWIND PROD,SILVERWND
SIMPSON STRONG TIE INC,SIMS|STRONGTI|SIMPSON STRONGTIE CO INC|SIMPSON
SIMS PLASTICS OF WACO,SIMR|SIMSPLST|SIMS PLASTIC|SIMS PLASTICS
SIOUX CHIEF,SIOUXCHER|SIOUX|SIOUX_CH|SIOUXCHEF|SIUX CHF|SIOUXCHIEF|SIOUXCH
SIP IND - SERAMPORE IND,SIPI|SIP|SIP IND SERAMPORE IND
SISNEROS BROS MFG,SISB|SISNEROS
SJE RHOMBUS CONTROLS,RHOMBUS
SLANT/FIN CORP,SLANTFIN
SLIDE-EZZZ,SLIDEZZZ
SLOAN VALVE CO,SLN|SLOAN|SLOV|SLOANVALVE
SMARDAN,SMARDAN HATCHER
SMEG,
SMITH-BLAIR INC,SMITHBLAIR
SMITTY PAN MFG,SMIP|SMITTY PAN|SMITPAN
SNAPPY,
SNOOK & ADERTON INC,SNOKADER|SNOA
SNYDER IND INC,SNYI|SNYDER
SOG SPECIALTY KNIVES & TOOLS,SOGS|SOGTOOL
SOLBERG MFG INC,SOLBERG
SOLER & PALAU USA INC,SOLPALAU|SOLP1|SOLER PALAU USA INC
SONNEMAN A WAY OF LIGHT,SONA3|SONNEMAN
SOPHSTONE PREFAB,SOPHSTONE
SOUDAL ACCUMETRIC,
SOUTH COAST PROD INC,SOUC3|SCOASTPR
SOUTH HOUSTON CONCRETE PIPE CO,SHCPIPE|SOUH
SOUTHEASTERN HOSE INC,FLEXCONN
SOUTHERN FASTENING SYSTEMS INC,S FASTENING|SOUTHFAS|TEXA8
SOUTHERN LOCK,SOUTHLK|MAGNALAT
SOUTHERN METER BOX INC,SOUM|SOUM1
SOUTHWARK METAL MFG CO,SWARKMTL|SOUTHWAR|SOUWARK
SOUTHWEST NIPPLE CO INC,SOUN1
SOUTHWEST SALES LP,SOUS6|SWSALES
SOUTHWESTERN HVAC SALES LLC,SOUH11|FRESHAIRE|SWHVAC
SOUTHWIRE CO,SOUTHWIRE|SOUTHWIRE / SENATOR|SOUTHWIR
SPEAKMAN CO,SPKMN|SPEAKMAN|SPEAKMN
SPEARS MFG CO,SPEARS
SPECIALTY PROD CO,SPEP2|SPECPROD
SPECTRONICS CORP,SPECTRON|SPEC5
SPIRAL FITTINGS INC,SPIRALFT|SPIRAL FITTINGS
SPX CORP,SPXCORP|SPX|ROBI1
STAN ROBERTS & ASSOC INC,STANROBT|STAN ROBERTS ASSOC INC
STANCOR INC,STANCOR|STNCR
STANDEX ADP,STANDEX
STANLEY BLACK & DECKER,
STANLEY FASTENING SYSTEMS LP,STANLEYF|STAG
STAR PIPE PROD,STARJRPD
STAR WIPERS,CARTEX|WIPERAGS
STATE IND INC,
STATE LINE PROD OF TEXAS,STAL2|STATELIN
STATE WATER HEATERS,ST WTR HTR
STEEL & PIPE CORP,STEELPIP
STEPHEN & STEPHENSON CO INC,STEE|STEPHEN
STERLING CUSTOM SHEET METAL,STEC9|STERMTL
STERLING HEATERS,STERLHTR|STER1
STERLING WATER TREATMENT,STERLING WTR|STRWTR
STERLING,STRLNG|STERLING PLUMBING GRP INC
STERIS,STERIS AMSCO
STERN WILLIAMS,STERNWILL|STRN WLMS|STERN WILL|STERNW
STEVE MECHLER & ASSOC INC,MECA|MECHLER|STEVE MECHLER ASSOC INC
STIEBEL ELTRON INC,STBL ELTRN|STIE|STIEBEL
STONE FOREST INC,STONE FOREST|STONFRST
STONE QUALITY TOOLS,STOQ|STONETL
STORM MFG GRP INC,BUCB1|STORMMFG
STRASSER WOODENWORKS INC,STRWOOD
STREAMLIGHT INC,STREAMLT|STRMLGHT
STREAMLINE,
STRIEM LLC,STRIEM
STUDOR,
STUFF SORTER BY VERSAPAK INC,VERP|VERSAPAK
STYLECREST INC,STYLCRST|STYLCRES
SUBZERO WOLF,SUB-ZERO|WOLF|SUB ZERO
SUMMIT APPLIANCE,UNIVMETAL|SUMMIT
SUMMIT RIDGE TOOL CO INC,SUMRIDGE
SUMNER MFG CO INC,SUMM1|SUMNER
SUNBELT MARKETING INC,SUNBELT
SUNBELTS CONVEYERED AGGREGATE,
SUNCOAST POST TENSION LTD,SWEST|REBAR|SUNCOAST POSTTENSION LTD
SUNCRAFT IND INC,
SUNPACK OF PENSACOLA,SUNPACK
SUNSET LADDER CO,
SUNSET LIGHTING & FANS,
SUPCO,
SUPERIOR PLUS CONSTR PROD CORP,SPEP|SUPPLUS
SUPERIOR SIGNAL CO LLC,SUPS|SUPSGL
SURE SEAL,SURESEAL|SRE SEAL
SURFACE PROTECTION INTL,SURFACE PROTECTION|SPRI
SUSSMAN AUTOMATIC CORP,MRSTEAM|SUSSMAN
SUSTAINABLE COILS LLC,SUSTCOIL|SUSC1
SUSTAINABLE SOLUTIONS INTL,SUSTINT
SWAN PRODUCTS,
SWS DISTRIBUTION SERVICES LLC,SWSDIST|SWSD
SYMMONS IND INC,SYMNS|SYMMONS|SYMONS
SYSTEM SENSOR,SYSS|SYSTMSENSOR
SYSTEMS IV,SYSTMIV
SAMSUNG,
T & S BRASS & BRONZE WORKS INC,T & S BRASS|TSBRASS|T&SBRASS|T & BRS|TS BRS|TSBRS|T&S_BRAS|TS BRASS|T&S BRASS & BRONZE WORKS|T S BRASS|T&S|TSBRSS
T & T TOOLS INC,TTTOOLS|TTTO
T CHRISTY ENT INC,TCHRISTY
TA CHEN INTL CORP,TACH
TACO COMFORT SOLUTIONS,TACO_PMP|TACOPMPS|TACO
TAKAGI INDUSTRIAL CO USA INC,TAKI|TAKAGI
TAM MARKETING PARTNERS LTD,TAMM|TAMMKTG
TAPCO,TAPS
TAYMOR IND INC,TAYMOR|TAYM
TBS MFG,TBS|EXCA
TECH LIGHTING LLC,TECHLGHT|TECL
TEJAS PLASTICS INC,TEJASPL|TEJP
TEST PRODUCTS INTERNATIONAL,
TEST RITE INTL CO LTD,BG_SLPT
TEST-TITE,
TESTRITE (TOOLS),BG_TEST
TETERS,TETERS FAUCET
TEX-FLEX,
TEXAS FAIRFAX COMPANY,
TEXAS PIPE & SUPPLY CO LTD,TEX_PIPE
TEXAS RAGTIME INC,TXRAGTIM|TEXR1
TEXAS RUBBER SUPPLY INC,TEXR|TXRUBB
TEXTILE SALES CO,TEXTILE|TEX5
THARCO CONTAINERS TEXAS,THARCO|CAPC2
THE BIG GREEN EGG INC,BIG GREEN EGG
THE CHICAGO FAUCET CO,CHICAGOFAUCETS|CHICAGO FAUCETS|CHICAG|CHICAGO|CHCGO FCT
THE CROSBY GRP LLC,CROG|CROSBY
THE FAUCET DOCTOR,FCT_DR|FAUCDR
THE FORD METER BOX CO,FORDMTR|FORD_MET
THE GALANOS CO INC,GALANOS|GALC
THE GORILLA GLUE CO,GORILLA
THE HARRINGTON CORP,HARUTIL|HARC
THE HARRIS PROD GRP,
THE KUPFERLE FOUNDRY CO,KUPF|KUPFERLE
THE L S STARRETT CO,STARRETT|LSST
THE LAWLESS GRP,LAWG|LAWLESSG
THE MERIT DISTRIBUTION GRP,INLS
THE MILL-ROSE CO,MILLROSE|MILL-ROSE|MILL ROSE|MILLROS
THE QUIKRETE COMPANIES INC,HOMD|HDSUPPLY
THE RAWLPLUG CO INC,RAWLPLUG|RAWC
THE SOCHA CO INC,SOCC|SOCHACO
THE TURNER CO LLP,TURC|TURNER
THE UTTERMOST CO,UTTERMOST|UTTMOST|UTTERMOS
THE WESTBRASS CO,
THE WICHITA PUMP & SUPPLY CO,WICP2|WICHPUMP
THE WILLIAM POWELL CO,POWELL
THERMA-STOR LLC,THRMSTOR|SANTE-FE|SANTEFE
THOMAS & BETTS CORP,THOB|THOMBETT
THOMPSON TRADERS INC,THOT3|THOMTRAD
THRIFT MARKETING,
THUNDERBIRD PROD INC,THNDRBRD|T-BIRD
TIFCO IND INC,TIFCO
TILE REDI USA LLC,TILE REDI|TILEREDI|TILR
TITAN FLOW CONTROL INC,TITANFLW
TITAN PRO,
TJERNLUND PROD INC,TJERNLUN|TJEP
TMG NITROGEN TANKS,TMG
TOMAHAWK,
TOMARCO CONTRACTOR SPECIALTIES INC,ISAT
TOMLINSON IND,TOMI1|TOMLINSO
TOOLCEPTIONS INC,TLCP|TOOLCEPTIONS
TOP KNOBS,
TOPAZ LIGHTING,
TOPP IND INC,TOPI|TOPPIND
TOTAL PIPING SOLUTIONS INC,TOTALPIP|TOTP
TOTO USA INC,TOTO|TOTO_USA
TPI,TEST PROD INT'L
TRADE-WIND,
TRAK IND,TRAKIND
TRI-STATE FASTENERS/SUPPLY CRP,TRIF|TRISTATE
TRIANGLE TUBE/PHASE III CO INC,TRIT2|TRIANGLE TUBE|TRIANGLE
TRIATOMIC ENVIRONMENTAL INC,
TRIM BY DESIGN,
TRIM TO THE TRADE,TRIMTRAD|TRIM TO TRADE
TRIMETALS,TRIMETALS
TRINITY FITTING & FLANGE GRP,TRIF1|TRINFTG
TRINITY SAFETY SUPPLY INC,TRIS1|TRINSAFE
TRINITY TAPE & MARKING LLC,TRINITY|TRINITY TAPE MARKING LLC
TRIPAC MARKETING INC,TRIPAC
TROJAN,TROJAN
TROY-CSL LIGHTING INC,TROY|TROYCSL|TROY_CSL
TRUE FORM,TRUEFORM|TRE FRM
TRUE RESIDENTIAL LLC,TRUE|TRUE RES|TRUR1
TRULITE GLASS ALUMINUM SOLUTIONS,TRULITE
TRUMBULL IND INC,TRUMBULL|TRUI
TRUEBRO,
TRUPER,
TRUTANKLESS,TRUTANKLESS|TRUTNK
TUBE FORGINGS OF AMERICA,TUBEFORG
TUF-TITE INC,TUFT|TUFTITE
TURBO AIR INC,TBAIR|TURBO AIR
TWIN CITY HOSE,
TYCO VALVES & CONTROLS LP,TYCOVLV|TYCV
TYLER PIPE,
TYLER UNION,TYLUDOM
TYLER WELDERS SUPPLY INC,TYLERWLD|TYLW1
TYTAN INTL LLC,TYTANINT|TYTAN|TYTI
THERMADOR,
U S PIPE & FOUNDRY CO LLC,UNSP|USPIPE
U S SAWS INC,USSAWS|USSA1
U S WIRE & CABLE CORP,USWIRE|USWI
UEI,UEI|UNIH
ULMER TOOL CO,ULMER|ULMT
ULTRA FAUCETS,
ULTRAVATION INC,UVAI|ULTVATN
UNION BRASS MFG CO INC,UNIONBRS
UNITARY PROD GRP,UNITPROD|UNITARYPROD|UNIP5
UNITED ELCHEM,
UNITED PIPE & STEEL CORP,UNIP11|UNTDPIPE|UNITED PIPE STEEL CORP
UNITED SALT CORP,UNSA1|UNTDSALT
UNIVERSAL SECURITY INSTRUMENTS INC,USII|USI
UNIWELD PROD INC,UNIWELD
UPONOR INC,UPONOR|UPONORWIRSBO
US MOTORS,
US PIPE FABRICATION,FASF1
USASIA LLC,USASIA
UTILITIES SUPPLY,UTILSPLY
VAL-FIT INC,DOMWELDF
VALCO GROUP,
VALLEN DISTRIBUTING,VALLEN DISTRIBUTION
VALUE ENGINEERED PROD,VEP
VAPCO PROD INC,VAPCOPRD
VELOCITY BOILER WORKS,VELOCITY
VENT-A-HOOD,
VENTAMATIC LTD,VENTAMATIC|VENTAMAT|VENT2
VENTI AIR PROD,VENTI|PHOENIX
VERTEX WATER,VERTEX|VPS|VERW|VERTEX PACKAGING SUPPLIES
VETO PRO PAC LLC,VETOPRO|VETP
VICTAULIC TOOL CO,VICTAULI|VICTAULIC
VICTOR TECH INTL INC,VICTOR|TURBOTORCH|VICTTECH
VICTORIA & ALBERT BATH LLC,VICTORIA & ALBERT|VICTALBT|VICTORIA
VIEGA LLC,PUREFLOW|VIEGA|VIEGPEX|PROPRESS|PRO PRESS|VIEGA PRESS
VIKING RANGE LLC,VIKING
VIKING SUPPLY NET,VIKING SUPPLYNET
VINYLTECH CORP,VINYLTCH
VIRGINIA MARBLE MANUFACTURERS INC,VIRMARB
VOLTEC IND,VOLTEC
VORTENS,
VOSSLER & CO,VOSSLER|VOSSLER1
VU-FLOW,
WAC LIGHTING CO,MODERN FORMS|MDRNFRM|WAC_LGHT
WADE DRAINS,WDE|WADE
WAGGONERS MECHANICAL SERVICE LLC,WAGMECH
WAL-RICH CORP,WALRICH|WALR
WALRAVEN INC,WALRAVEN
WALSH & ALBERT CO LET,WALA4|WALSH|WALSH ALBERT CO|WALSH&ALB
WANRONG TOOL,BG_WNRG
WARD MFG INC,WARDMFG|WARD_MFG
WARREN TECHNOLOGY,WARNTECH|WART
WASHBROOK,
WATCO MFG CO,WATCO
WATER FACTORY SYSTEMS,WTRFACT|WATF1
WATER HEATER SMART INC,WHSMART
WATER INC,WATERINC
WATER STREET BRASS,WATERSTR|WATERSTREET|WATERST
WATER TEC OF TUCSON,WATERTEC
WATERLOO,WATERL00|WATER-LOO|WTRLOO|WATERLO|WATER00
WATERMARK DESIGNS LTD,WTRMARK|WATERMRK|WATERMARK
WATERMASTER IRRIGATION SUPPLY,WTRMSTIR|WATI
WATERSTONE ANNAPOLIS,
WATERSTONE LLC,WATERSTONE|WTRSTONE|WATERSTO
WATERTEC WHIRLPOOL BATH,
WATTS DRAINAGE USA,WTS|WATTSDRN|WATTS
WAXAHACHIE BUILDING SUPPLY,WAXB
WD-40 CO,WD-40|WD40C
WEATHERIZATION PARTNERS LTD,WEATH
WEBSTONE CO INC,WEBSTONE
WEIL-MCLAIN,WEIL
WEISS INSTRUMENTS INC,
WEKSLER GLASS THERMOMETER CORP,WEKSLER|NEAA|NEALASSO
WELDFIT,
WELD FLANGE,WELDFLAN
WELD-ON,
WELDBEND CORP,SERMET
WESSELS,WSL
WESTERMANN BOLT AND GASKET CO,WESTBOLT|WESTERMA
WESTERN AG SALES CO INC,WESTAG|WESA
WESTERN BOLT AND GASKET CO,
WESTERN ENTERPRISES,
WESTERN MARKETING INC,WESTMKTG|WESM5
WESTERN POTTERY,WSTRN PTRY|WESTERN|WSTPOTY
WESTWAY SALES INC,WESS|WESTWAY
WFI INTL INC,WFII|WFIINTL
WHEATLAND TUBE CO,DMSTLP80|WHET
WHEELER/DIV REX INT'L USA INC,WHEELER|WHEELREX
WHIRLPOOL CORP,WHIRPOOL|WHIRLPOOL|WHRLPOOL|WHIRPL|WHRLPL
WHITE HALL,DON'T PUT WHITE AS A SYNONYM HERE|WHITEHALLMFG|WHT HL|WHITEHALL
WHITE METAL PROD INC,WHTMETAL|WHIM1
WHITE ROGERS,WHTROGER
WHITEHAUS COLLECTION,WHHAUS|WHIC4
WHOLESALE INSULATION SUPPLY COMPANY,
WIDOS LLC,WIDO|WID
WILDE TOOL CO INC,WILDE|WITC
WILKINS,WLKNS
WILLIAMS FURNACE CO,WILF|WLMSFURN
WILLIAMS PRODUCTS,
WILLOUGHBY,WLGHBY
WILO USA,WILO
WILSON,WILS2|DMSTLPFB
WINGIT INNOVATIONS LLC,WINI|WINGIT
WINGMASTER PLUS,
WINTON FLOOR TILE SWIFF TRAIN,WINTON
WISEMAN INDUSTRIES,
WOLF PEAK INTL INC,EDGEEYEWEAR|WOLFPEAK
WOLVERINE JOINING TECH,WOLVER|WOLJ1
WOODFORD MFG CO INC,WOODFORD|WOODFORD MFG|WDFRD|WOODFORDMFG|WOODFRD|WFORD
WOODY BUTTS INC,BUTW|WOODYBTS
WORLD AND MAIN LLC,WRLDMAIN|WORLD MAIN
WORTHINGTON CYLINDERS,WORTHTOR|WORTHCYL
WYNDHAM COLLECTION LLC,WYNDHAM|WYND
XANTUS PROD,XANTUS|XANT
XCI CONTROLS LP,XCI|XCIC
YELLOW JACKET,
YETI COOLERS,YETI
YORK,
YUYAO DARDON GARDEN TOOLS FACTORY,BG_DARD
Z-FLEX U S INC,ZFLE|ZFLEX
ZAC TOOLS,ZAC_TOOL|ZAC
ZEBRA INSTRUMENTS,ZEBI|ZEBRA
ZENNER PERFORMANCE METERS INC,ZENNER|ZENP
ZILMET USA LLC,GL_ZILU
ZIP WATER,ZIP
ZOELLER PUMP CO,ZOELLER|ZOELR
ZONEFIRST,ZONEFIRST|ZONA|ZONEFRST
ZONEX SYSTEMS,ZONS|ZONEXSYS
ZURN IND,ZURN_IND|ZURN INC|ZRN|ZURNSD|ZURN|ZURN IND LLC|ZURN IND INC|ZURN WILKINS