101PIP,
3DWELD,
3M,
3MPURE,
4STARH,
A1MACH,
A1TOOL,
AB&I,
ABATIX,
ABILENE,
ABMCGAS,
ABS,
ABSCLD,
ABSFTG,
ABSPIPE,
ACCESS,
ACCORTECH,
ACCUCST,
ACCUMETRC,
ACGRD,
ACME-MIAMI,
ACOPOLYMER,
ACORN SAFETY,ACRN SFTY
ACORN STAINLESS,ACRN STNLS
ACORN,
ACT,
ACTION,
ACUDOR,
ADBAIR,
ADVANCED TABCO,ADVANCEDTABCO|ADVANCEDTAB|ADVANCEDTAB CO
ADVDIST,
ADVDRN,
ADVEEI,
ADVGLV,
ADVNTAB,
ADW,
AEON,
AEROBERTS,
AEROSOL,
AFEEL,
AFINA,
AFX,
AGAS,
AIDANG,
AIRE,
AIRECO,
AIREX,
AIRGAP,
AIRKNG,
AIRSCRUB,
AIRSPE,
AIRTEC,
AIRZONE,
AJMETER,
AK INDUSTRIES,AK INDS
ALAMOI,
ALAMOPAD,
ALBERT,
ALDERON,
ALEUM,
ALFI,
ALFRGRL,
ALIREPS,
ALISPRT,
ALL-SPEC,
ALLAN,
ALLEN,
ALLIEDBRS,
ALLIEDCON,
ALLPRO,
ALLSPEC,
ALLSTAR,
ALLSTYLE,
ALLTEX,
ALLTHRD,
ALNO,
ALPHAF,
ALTAIR,
ALTMAN,
ALTOSHAAM,
ALYSED,
AMANA,
AMARIL,
AMBA,
AMC,
AMCRFT,
AMERALDES,
AMERBRS,
AMERCK,
AMERE,
AMEREL,
AMERFCT,
AMERFLOW,
AMERGRANBY,
AMERICAN STANDARD,AMER STD|AMERICAN STD|AMERICAN STANDARD CADET 3
AMERICH,
AMERISINK,
AMERLTG,
AMERMA,
AMERME,
AMERSO,
AMERSP,
AMERSTD,
AMERVLV,
AMERVULK,
AMES FIRE AND WATERWORKS,AMES
AMESHT,
AMETEK,
AMGAS,
AMIFST,
AMLEADFAB,
AMSTD,
AMTC,
AMTROL,AMTRL
ANACO,
ANAHEIM,
ANDERS,
ANSACK,
ANVIL,
AO SMITH,AO SMT|A.O. SMITH|AOSMITH|AOSMTH
APEX,
APG,
API,
APOLLO,
APOLOVLV,
APPION,
APPLIEDDES,
APPLPART,
APRILAIR,
AQTC,
AQTHERM,
AQUA PURE,AQUAPURE
AQUADUCK,
AQUALINE,
AQUAME,
AQUASANA,
AQUAVAR,
AQUBRS,
ARCMATE,
ARGCO,
ARLEY,
ARMACL,
ARMSELEC,
ARMSTRONG,ARMSTRNG
ARROWBRS,
ARROWIND,
ARTERIORS,
ARTESIFIRE,
ARTISM,
ARTISN,
ASAHI,
ASCO,
ASHLEY,
ASKO,
ASPEN,
ASSURE,
ASSURED,
ATCO,
ATLANTIC,
ATLAS,
ATLASM,
ATLASU,
ATLSMTL,
ATOSAC,
ATTICBREEZE,
AUTENG,
AUTOAIR,
AVANTI,
AVENUELTG,
AVSHEE,
AYMCDO,
AYRLETT,
AZLIFT,
AZUREH,
B&RI,
B2O,
BACCHUS,
BADGER,
BAINULT,
BALDWN,
BALON,
BARBER,
BARCLY,
BARNSCO,
BARTOS,
BARW,
BASS&HAYES,
BATES,
BATHRO,
BECK,
BECKET,
BECKSON,
BEHAVIORAL SAFETY,BHVRL SFT|BEHAVIORAL|BEHAVIOR
BELL & GOSSETT,BELL&GOSS
BELVED,
BELWITH,
BEMIS,
BENEKE,
BENGAL,
BENJAMIN,
BERENSON,
BERRYPLST,
BERTAZ,
BESTHD,
BETTER,
BFPROD,
BIGDOG,
BIGDTOOL,
BIGGOO,
BILLIN,
BISON,
BK RESOURCES,
BKPROD,
BKRESO,
BLACKCO,
BLACKS,
BLANCO,
BLAZE,
BLINE,
BLISHM,
BLKDECK,
BLOMBERG,
BLUBATH,
BLUESTAR,
BLUON,
BLWALL,
BOBDAVS,
BOBRICK,BBRCK
BOLD,
BOLINGER,
BOLTSGASK,
BONNEY,
BONOMI,
BOOS,
BOOTZ,
BORDER,
BOSCH,
BOSCHAPP,
BOSCHT,
BOSHTHR,
BOSTITCH,
BOW,
BPPORTER,
BRADFO,
BRADFORD WHITE,BRDFRD WHT|BRADFORD|BRAD
BRADGR,
BRADLEY,BRDLY
BRAEBRN,
BRAMEC,
BRAMS,
BRANCE,
BRANIFF,
BRASS CRAFT,BRAS CRFT
BRAXTON,
BRAY,
BRAZOS,
BREAKRSUNL,
BRECCO,
BREEZER,
BRENHA,
BRENNTAG,
BRIGGS,
BRIZO,BRZO|BRIZO (aka Delta)
BRK,
BRNGTN,
BRNLLE,
BROOKS,
BRSCRFT,
BRSTECH,
BRUCO,
BRUISER,
BRUTE,
BSHART,
BSI,
BUILDERSBST,
BULBRITE,
BUMPER,
BUSH,
BUSHMFG,
BUSHMN,
BUYW,
BYKALL,
C&SAIR,
CADON,
CAHABA,
CAIN,
CAINEL,
CALEFI,
CALFCT,
CALIBER,
CALIBR,
CALWES,
CALWEST,
CAMBRI,
CAMBRS,
CAMCO,
CAMPEL,
CANARIIS,
CANFIELD,
CANPLAS,
CANTERBURY,
CANTEX,
CAPITL,
CARHILL,
CARLISLE,
CARLPO,
CAROMA,
CARSON,
CASHACME,
CASHWELL,
CASSIT,
CAST-DOM,
CAST-IMP,
CATALYST,
CATO,
CB-MKT,
CCINDU,
CCIPIP,
CDVLV,
CECO,
CELLO,
CENGAS,
CENTBOLT,
CENTBRS,
CENTOCO,
CENTRALPL,
CENTURYAC,
CENTURYBRS,
CERROFLOW,
CERTAINTD,
CFG,
CFII,
CHAMP,
CHANNELLOCK,
CHARGER,
CHARLO,
CHARMN,
CHARP,
CHATHA,
CHEVIOT,
CHICAGO FAUCET,CHCGO FCT|CHICAGO|CHICAG|CHICAGO FAUCETS
CHLORI,
CHMPCMP,
CHMPIRR,
CHROMALOX,
CHRONMITE,CHRNMTE
CHRONO,
CHUDNOW,
CHUMLEY,
CHURCH,CHRCH
CIFTG,
CIMBERVLV,
CIMPORT,
CIPIPE,
CIRCOR,
CIRRUS,
CITYPIPE,
CLAMPETTE,
CLARKE,
CLASSBRASS,
CLAUDE,
CLAYTO,
CLC,
CLENAIR,
CLEVEFCT,
CLIMAT,
CLIPLIGHT,
CLOSETMAID,
CLOWVLV,
CMC,
CMCMFG,
CMFABR,
CNDRX,
CNSTSOL,
CNTCOMP,
COASTCHEM,
COASTPROD,
COASTTAPE,
COBURN,
CODY,
COIN&P,
COKE,
COLBRZ,
COLEMANSFT,
COLEMN,
COLINSTR,
COLUMBIA,
COMFORTPROD,
COMPAS,
COMPLE,
COMPOT,
COMPSLS,
COMPXN,
COMSTAR,
CONEX,
CONSPLY,
CONTIMTL,
CONTIND,
CONTRA,
COOPAT,
COOPWIR,
COPFTG,
COPHEAD,
COPTOOL,
COPTUBE,
CORBET,
CORNER,
COSELY,
COTEYC,
COUGAR,
COVE,
COVERTEK,
COYOTE,
CPS,
CPVCGP,
CRANE,
CRANEE,
CREATIV,
CRESCE,
CRESLINE,
CRETE,
CRFTMD,
CRKINS,
CRLAU,
CROSBY,
CROW,
CROWN,CRWN
CROWNP,
CRUME,
CRYSTO,
CSMANU,
CSRHYD,
CTSFLAN,
CTSFLG,
CULLIGAN,CLGN
CUNNING,
CURBOLET,
CUSTMTL,
CUSTOM,
CUTTER,
CYCLES,
D&DHAR,
DACE,
DACOR,
DAHL,
DAIKIN,
DALSPC,
DALVLV,
DANBY,
DANCO,
DANTE,
DANZE,
DAP,
DAWN,
DAYTON,
DEALER,
DECOLAV,
DECORS,
DEERE,
DEFLCTO,
DEKORRA,
DELANEY,
DELI,
DELTA FAUCET,
DELTA,DLTA
DELTAFAN,
DELTNA,
DESIGNPLY,
DEVCO,
DEW,
DEZI,
DEZURIK,
DFWALL,
DFWPLAST,
DHI,
DIABLO,
DIAL,
DIAMOND,
DILLARD,
DIRECT,
DIRSOU,
DISTINT,
DIVERS,
DIVERSITECH,
DIXIEP,
DIXON,
DIXONS,
DMALFTG,
DODSON,
DOGIPOT,
DOMNIP,
DONJO,
DOOLITTLE,
DOORJAM,
DORMNT,
DORNBRCHT,
DOSMITH,
DOTTIE,
DOUGBAT,
DOUGME,
DRESSER,
DSTLPIPE,
DUCTMAT,
DUNDAS,
DUPAGE,
DURAPL,
DURAVIT,DURVIT
DURAVT,
DURDYN,
DURLINE,
DURODYN,
DUSTFREE,
DW,
DWELD,
DWUTIL,
DWYER,
DYNATEMP,
DYNESIC,
EAGLE,
EAST,
EASYFLX,
EBAA,
EBBCO,
EBBE,
ECCO,
ECM,
ECOWTR,
EDGE,
EDX,
EEMAX,EEMX
EFCVAL,
EFP,
EGW,
EINSTR,
EJBROOKS,
EJUSA,
ELAN,
ELBI,
ELCOMA,
ELECLUX,
ELECMIR,
ELECTROAIR,
ELGEN,
ELICA,
ELITE,
ELJER,
ELKAY,ELKY|ELK|ELKAY LUSTERTONE|ELKAY FAUCET
ELKHART,
ELKLTG,
ELKY,
ELMDOR,
ELONG,
ELSTER,
ELUXFRIG,
EMERSN,
EMERSON,
EMERSONMTR,
EMIL,
EMPIRECOM,
EMPIRELVL,
EMPRIND,
EMTEK,
ENARDO,
ENCORE,
ENDERE,
ENDFIELD,
ENDOT,
ENERGIZER,
ENGELH,
ENGSPEC,
ENOVATIVE,
ENTOUCH,
ENVENH,
ENVIROC,
ENVIROIMP,
ENVIRONMENTAL ENHANCEMENTS,
ENVIROWTR,
EOWOOD,
EPCO,
EPOWERON,
EPSHUDSON,
EQUIPM,
ERICO,
ESCO,
ESPTRADE,
ESSEXB,
ESSICK,
ESYHEAT,
ETXLUM,
EUROCHEF,
EVERCLENS,
EVERFLUX,
EVERFLW,
EVERHA,
EVERPUR,
EVOLVE,
EWC,
EWS,
EXCIDA,
EZFILT,
EZFLEX,
EZFLO,
EZTRAP,
EZWELD,
FABER,
FABRIC,
FACILI,
FAI,
FAIRMONT,
FAIT,
FALCON,
FALLTECH,
FALMEC,
FALSKEN,
FAMCO,
FANIMA,
FANTECH,
FARGO,
FASCO,
FAST PARTS,
FASTSERV,
FASTSI,
FCTDR,
FEBCO,
FEDERA,
FEMYER,
FERNCO,
FIAT,
FIBERCARE,
FIELDC,
FIELDPIECE,
FIREPROTECT,
FIRESTOP,
FIRSTCO,
FISCHER,
FISHER,
FISHPAY,
FIVESEASONS,
FIVT,
FLANDRS,
FLARETITE,
FLASHCO,
FLATPL,
FLEXIB,
FLEXICRAFT,
FLEXON,
FLEXSTRUT,
FLINTWALL,
FLIPPENVLV,
FLIR,
FLITZ,
FLOCON,
FLOMTC,
FLORESTONE,
FLOW DESIGN,
FLOWMA,
FLUID,
FLUIDMSTR,
FLUIDS,
FLUKE,
FLUSHMATE,
FLXBLTEC,
FLXHSE,
FORDMTR,
FOREMOST,
FORTERRA,
FOSTER,
FOXVALLEY,
FRANKE,
FRANKLIN PUMPS,FRNKLN PMP|FRANKLIN
FRANKP,
FRANKW,
FREEDO,
FREEDOM SHOWERS,
FRIEDRICH,
FRIGAIR,
FRNKLN,
FROGGYS,
FROSTKING,
FSTNAL,
FSTPRT,
FULGOR,
FWPROD,
G90MFG,
GAGGAPP,
GAJSKE,
GALANO,
GALPERTI,
GALVPIPE,
GARRISON,
GASOILA,
GASTITE,
GATCO,
GDMAN,
GE,
GEARENCH,
GEBERIT,
GEENTE,
GEMLINE,GMLNE
GENERAL,
GENERC,
GENESIS,
GENESISMTL,
GENFLT,
GENOVA,
GENPLS,
GENRICH,
GENWIRE,
GEOGLEN,
GERBER,
GESSI,
GILCO,
GINGER,
GLASTENDER,
GLBADVAN,
GLBSRC,
GLOBALPLS,
GLOBE,
GLSFLS,
GMRFIRE,
GOLDEN,
GOLDMARK,
GOLFCART,
GOODMA,
GOODWTR,
GOOW,
GORILLA,
GORMAN,
GOSS,
GOULD'S,
GPK,
GRAFF,
GREATLAKES,
GREEN WORLD,
GREENHECK,
GREENSEAM,
GREENWAY,
GRIFFIN PRODUCTS,GRFN PRD|GRIFFIN|GRIFFINPIPE
GRNDFS,
GRNNLL,
GROHE,GRHE
GROOMERS BEST,
GRSLIN,
GRTPAC,
GRUNDFOS,GRNDFS
GTWTR,
GUARDIAN,GARDN
GUARDWAY,
GULF,
GUNDER,
GUY GREY,GUYGRAY|GUYGREY|GUY GRAY
HACKYLADISH,
HAFELE,
HAIER,
HAILNG,
HALLIB,
HALSEY TAYLOR,HLSY TYLR|HALSEY
HAMAT,
HAMILT,
HAMILTON,
HANCOR,
HANSGRO,
HARCOOL,
HARCORP,
HARDHAT,
HARGRA,
HARMON,
HARNEY,
HARRIS,
HARRISSPLY,
HARTPRICE,
HAVACO,
HAWS,HWS
HBFULLER,
HDWRESC,
HEADWA,
HEAT & TREAT,HT & TRT|HEAT AND TREAT|HT AND TRT|HEATTREAT|HEATANDTREAT
HEAT-TRFR,
HEATAIR,
HEATCONTRLR,
HEATCRAFT,
HEATHCO/EVERPURE,
HEATLNK,
HELLER,
HENRY,
HERSEY,
HESSAIRE,
HESTAN,
HIGHFI,
HIGHSI,
HINKLY,
HISCO,
HLDRITE,
HMNDVLV,
HODELL,
HOFFMAN,
HOLDRITE,
HOLYOKE,
HOMAX,
HOMEST,
HONEYWELL,
HORIZN,
HOSHIZ,
HOTBOX,
HOUSTON,
HOUSWIP,
HOUZER,HOUZER SINK
HTP,
HTPG,
HUBBELL,
HUBSETT,
HUDSON,
HUDTECH,
HUGHCUN,
HVC,
HYDRAPRO,
HYDROAIR,
HYDROSYS,
HYDROT,
HYDROTEK,
HYDRPRO,
HYKO,
HYTECH,
ICERA,
ICMCONTRL,
ICOR,
ICP,
IDEAL,
IDEALT,
IES,
ILVE,
IMALFTG,
IMCOLOCK,
IMPERIAL,
IMPNIP,
INDEQPT,
INDLUBE,
INDSYS,
INDTEST,
INDVLC,
INFACT,
INFICON,
INFILTRATOR,
INFINITY,
INOVTE,
INSINK,
INSLSRV,
INSULSURE,
INTERL,
INTERMATIC,
INTERSTATE,
INTERTAPE,
INTLPRO,
INVSYS,
IOSYS,
IPEX,
IPS CORP,
IPS,
IRON-A-WAY,
IRWIN,
ISICOM,
ISTLPIPE,
ITP,
ITRON,
ITTMCD,
ITWBUI,
IWELD,
JACKIND,
JACKSON,
JACLO,
JADOHDW,
JAIN,
JAMESJONES,
JASON-INT,
JASONINT,
JAXPRO,
JAY R SMITH,J R SMTH|JR SMITH|JRSMTH|JAYRSMITH|RSMITH|JAY R. SMITH MFG. CO|JAY SMITH|SMITH
JAYCOU,
JB INDUSTRIES,
JB-IND,
JBFAST,
JBPROD,
JCM,
JCR,
JCSUNS,
JCUTIL,
JEDCO,
JEDUNN,
JEFF,
JENNAIR,
JET,
JETLUB,
JETSPE,
JETTA,
JIMCOX,
JJONES,
JM-MFG,
JMB,
JMF,
JMI,
JOHNGU,
JOHNNEAL,
JOHNRI,
JOHNSON,
JOHNST,
JOMAR,
JONES,
JONESPC,
JOSAM,JSM
JOSCO,
JPLAMBORN,
JTEC,
JTENTER,
JULIEN,
JUNO,
JUST MFG,JST MFG|JUST|JST
JVJ,
K&KSUP,
K-FLEX,
K-RAIN,
KALAMA,
KALAS,
KALSTA,
KARCHER,
KARLSON,
KARP,
KEENEY,
KELLYP,
KENNEDYVLV,
KERDI DRAIN,
KESSLER,
KEYSTONE,
KICHLR,
KIDDE,
KILGORE,
KIMBER,
KINGIN,
KINGSTON,
KISSLR,
KIT,
KITCHENAID,
KITZ,
KLDAIR,
KLEIN,
KLOSRE,
KMG,
KNAACK,
KNAUF,
KNGBRO,
KNIPEX,
KNNEDY,
KNOX,
KODIAK,
KOH,
KOHLER,KHLR|KOHL|KHOLER|KOHLER VAULT|KOHLER FAUCET
KOHPWR,
KORAL,
KOSO,
KOVACS,
KRAUS,
KRAUSZ,
KRESTO,
KROWNE,
KRTNRS,
KTCHAID,
KUPFER,
KUZCO,
KWIKST,
LABSEC,
LACAVA,
LACO,
LACORN,
LACORNUE,
LAGASS,
LAING,
LAKECC,
LAMBRO,
LARRY,
LARSEN,
LASALLE,
LASCO,
LATICRETE,
LAU,
LAVELL,
LAWLER,LWLR
LAWLES,
LBLLTG,
LEAD,
LEAKSMART,
LEDCO,
LEGEND,
LEGENDVLV,
LENOVA,
LENOX,
LEONARD VALVE,LEONRD VLVE|LEONARD|LEONRD|LEONARDVLV
LEWISPIPE,
LF-MFG,
LG,
LIBERTY PUMPS,LBRTY PMP|LIBERTY
LIEBHERR,
LIFTSAFETY,
LINEGU,
LINESET,
LINKAS,
LIPIDEX,
LITHLT,
LITTLE GIANT,LTL GNT|LTLGIANT-FTG|LTLGIANT-HTR
LITTLEFF,
LLOYD,
LNSALES,
LOCHINVAR,LCHNVR
LOGISTIC,
LOOFT,
LOPEZ,
LOTUS,
LOUISTN,
LOUISV,
LRNELSN,
LSP,
LSSTAR,
LTDFARM,
LUCASMIL,
LUMINANCE,
LUTRON,
LUX,
LUXE,
LYNCAR,
LYNX,
M&HVLV,
M&M,
M&MBOLT,
MAAX,
MACARTHUR,
MACONP,
MADISON,
MAGICP,
MAIDSTONE,
MAINLINE,
MAINST,
MAINTE,
MAJESTIC,
MALCO,
MANSFIELD,
MANSVILLE,
MAPA,MAPA PRODUCTS
MARCO,
MARCOS,
MARKET,
MARLEY,
MARMOLES,
MARS,
MARSHF,
MARVEL,
MASMTR,
MASON,
MAT,
MATCO,
MATHESON,
MATRIX DECOR,
MAXADPT,
MAXIM,
MAXITRL,
MAXNET,
MAXSTR,
MAXXEON,
MAYCO,
MAYFIE,
MAYTAG,
MCC,
MCCAIN,
MCCART,
MCDANIEL,
MCGUIRE,MCCGRE|McCGUIRE|MCCGUIRE|MGUIRE|MCGUIR
MECHAN,
MEDSAFE,
MEGAWEST,
MERCON,
MERFISH,
MERIAM,
MERIT,
MERITDIST,
MERKET,
MERRIL,
MERRIMAC,
METALLICS,
METALPROD,
METALZNC,
METCRAFT,MTCRFT
METFAB,
METRAFLEX,
METRO,
METROPOLITAN,
MGCOUP,
MGDURA,
MIAMI,
MICROMETL,
MIDAMER,
MIDLANDMTL,
MIDLND,
MIDTEX,
MIDWHOSE,
MIDWINS,
MIDWRO,
MIDWST,
MIDWTOOL,
MIELE,
MIFAB,MIFB
MIIFLEX,
MIKERAY,
MIL3,
MILESTONE,
MILJCO,
MILKEN,
MILLENMLTG,
MILLROS,
MILNIUM,
MILVLV,
MILWTL,
MINKA-AIRE,
MINKA-LTG,
MIRAGE,
MIRO,
MIRREDGE,
MISSION,
MISSIONCLAY,
MISSMFR,
MISSN,
MITEK,
MITMET,
MKM,
MKT,
MMSALES,
MNSFLD,
MODE,
MODERN,
MODERNFRM,
MODINE,
MOEN,MEN
MONROE,
MONTEC,
MONTI,
MORRIS,
MORTEX,
MOTOROLA,
MOUNTN,
MOUSER,
MPFLNG,
MSC-FWC,
MSDRES,
MSTRCL,
MTIWHI,
MTRLOC,
MTSTHR,
MUEL,
MUELLR,
MUELSTM,
MULTI,
MULTIF,
MULTITECH,
MURDOCK,MRDCK
MURRAY,
MUSTEE,
MWGLV,
MYERS,MYRS
NAILOR,
NAMEEK ROMA,
NAMEEKS,NMEKS
NANTUCKET,
NAPCO,
NAPIPE,
NAPOLEON,
NATCOIL,
NATIVE,
NAVAC,
NAVIEN,NVN
NDADIST,
NDS,
NELCO,
NELSON,
NEOP,
NEPTUNE,
NESTSTUDIO,
NEUCO,
NEWAGE,
NEWCO,
NEWHOR,
NEWLEAF,
NEWMEX,
NEWPIG,
NEWPORT,
NEWRAV,
NHSI,
NIAGARA,NIAGRA
NIBCO,
NIDEC,
NISCO,
NIX,
NOBLE,
NOMACO,
NORA,
NORDYN,
NORGAS,
NORITZ,NRTZ
NORSTRTOOL,
NORTHSTAR,
NORTHT,
NORTON,
NORWESC,
NOVO,
NOVWIL,
NPS,
NSI,
NSTRIND,
NUCAL,
NUGEN,
NULL,
NUMEX,
NUNELC,
NUPI,
NUTONE,
NUVIK,
NUVO,
NYTHER,
OAKVLE,
OASIS,
OATEY,OTY
OCEANA,
OCKECK,
ODD,
OEM,
OKLAHO,
OLDCAST,
OLIVERI,
OLMSTE,
OLSONITE,
OLYMPI,
OLYMPIA,OLMPA FCT|OLYMPIA FAUCETS
OMEGAFLX,
OMNIA,
OPECO,
ORBIT,
ORION,
ORSNACO,
ORSNASC,
OSHKOSH,
OSLIN-NATION,
OUTDOO,
OUTDRSHW,
OVERHE,
OWENSC,
OWN,
OXGROUP,
OZARKA,
P&S,
P-TEC,
PAC-FAS,
PACE,
PACIFIC,
PACKRD,
PAIGE,
PAINTSUN,
PALMERS,
PAMEX,
PANASONIC,
PAQSOU,
PARAGON,
PARK EQUIPMENT,
PARK USA,
PARKER,
PARTSM,
PASCO,
PCI,
PECO,
PEDAL,
PEERLESS,PRLS
PEERLSPOT,
PEGLER,
PENTAIR,
PENTWTR,
PEPCO,
PERFECTAIRE,
PERFECTION,
PERFECTO,
PERLCK,
PETERSEN,
PETLIFT,
PETRA,
PEXCRI,
PFISTER,PFSTR
PFSTER,
PFWATER,
PHD,
PHILLIPS,
PHOENIXFG,
PHXMFG,
PHYLRCH,
PICQUIC,
PIETRO,
PIMA,
PINNACLE,
PIONER,
PIONSPLY,
PIPEINS,
PIPEMRKR,
PIPEPIER,
PIPETYTE,
PIPING,
PIPLF,
PIPLIF,
PITTSB,
PLSODD,
PLSTRND,
PLUMBEREX,
PLUMBR,
PLYMER,
PM-MFG,
PMI,
PMIEQU,
POLLCK,
POLYPIPE,
PONDER,
PORT-A-COOL,
POSH,
POTTER ROEMER,
POTTER,
POWELL,
POWERS FIAT,POWERS
POWERS,PWRS
POWHATAN,
PPAIND,
PPP,PPP INC.
PPS,
PRATTIND,
PRAXIS,
PRECISION PLUMBING PRODUCTS,PRECISION PLUMB. PRODUCTS|PRECISION PLUMBING|PRECISION PLUMB PRODUCTS|PRCS PLMB|PRECISIONPLUMBING|PRECISION PLUMBING|PRECISION
PREDCO,
PREFBATH,
PREFCONST,
PREFPMP,
PREMCOP,
PREMIER,
PRESTO,
PRESTON,
PRIER,
PRIMELINE,
PRIMESRC,
PRINCIPAL,
PRINSCO,
PRO-PROD,
PRO1,
PRO2,
PRO3,
PROCSOL,
PROFLEX,
PROGLT,
PROLINE,
PROSET SYSTEMS,PROSETSYSTEMS|PRSTSYSTMS|PROSET
PROTEC,
PROTECH,
PROTECTIVE,
PROVENT,
PROVID,
PTM,
PTUBES,
PULSAR,
PULSE,
PUMO,
PUMPS,
PUNTER,
PVC,
PVCPIPE,
PVI,
PWEAGLE,
PWRSEAL,
QATEY,
QEP-ROB,
QMDRAIN,
QUALCLV,
QUALIND,
QUATUM,
QUEENAIRE,
QUEST,
QUICK DRAIN,
QUICKF,
QUICKFLASH,
QUIETF,
QUIETSIDE,
QUIKCRT,
QUOIZL,
QUORUM,
R&B,
RAB,
RABLIGHT,
RACKSTRAP,
RADIANS,
RADIATOR,
RAINBIRD,
RAINMA,
RAMGNS,
RAMTOOL,
RAPIDFIX,
RAPIDLCK,
RAWLPLUG,
RAWSON,
RAYCHEM,RYCHM
RAYCHM,
RAYKCO,
RAYPAK,
RAYTEX,
RAYVAC,
RBX,
RCD-CORP,
REACOND,
RECAPCO,
RECTORSEAL,
REDDVL,
REDROCK,
REDWHITE,
REED,
REFCO,
REFLECTIX,
REFRIG,
REGAL,
REGENCY,
REHAU,
REHVAC,
RELIABLE,
RELINE,
REMCO,
REMCRFT,
REME-LED,
RERFTECH,
RESEARCH,
RESIDE,
RESOUR,
REVELS,
RGF,
RGWEYEL,
RHEEM,RHEM
RHENSON,
RHH-FOAM,
RHINO,
RHOMBUS,
RICHEL,
RIDGETOOL,
RIDGID,
RIDT,
RIIFO,
RINNAI,RNAI
RINNIA,
RINO,
RIOBEL,
RITCHI,
RITMO,
RJS,
RK-INTL,
RLS,
RMS,
RMWATER,
ROADRUNNER,
ROBC,
ROBERN,
ROBOFIT,
ROCKFORD,
ROHL,
ROMA,
ROMAC,
RONBOW,
RONHEN,
ROSCO,
ROTHEN,
ROUGHNECK,
ROYALBATH,
RPRSPE,
RRDONN,
RRRIND,
RRWHOL,
RUBBERMAID,
RUBCPLG,
RUBMAID,
RUSTICWARE,
RUSTOLM,
RUVATI,
RVWORKS,
RWLYAL,
S&SMAN,
SABER,
SAFE-T,
SAFETY,
SAFTGLOVE,
SAMSNG,
SANANT,
SANDERSN,
SANIFLO,
SANISEAL,
SANTEC,
SANUVOX,
SARCO,
SAS,
SATCO,
SAUERM,
SAVOY,
SCHAUB,
SCHIER,SCHR
SCHLAGE,SCHLAG
SCHLUTER/KERDIDRAIN,SCHLTR/KRDRN|SCHLUTER|KERDIDRAIN
SCHNEIDER,
SCHONBK,
SCHP,
SCHWINN,
SCHWNK,
SCOT,
SCOTT,
SCP,
SCREEN,
SDRPIPE,
SEAGULL,
SEALED,
SECURE,
SEEKONK,
SEISCO,
SELECTRONIC
SELFST,
SELKRK,
SEPTIC,
SERAMP,
SERVIT,
SEYMOR,
SEYMSYC,
SHANCO,
SHARP,
SHARPECO,
SHEETMTL,
SHERWI,
SHOOK,
SHUBEE,
SHURJOINT,
SHURTP,
SIERRA,
SIERRAWEST,
SIGMA,
SIGNOF,
SILVER,
SILVERLINE,
SILVERWIND,
SIMKAR,
SIMMSL,
SIMPSO,
SIMSPL,
SIOUX CHIEF,SIUX CHF|SIOUX|SIOUXCHEF|SIOUXCHER
SIP,
SISNRS,
SJERHO,
SKINNE,
SLANTFIN,
SLIDE-EZ,
SLOAN,SLN
SMART,
SMEG,
SMITH,
SMITHBLR,
SMITHC,
SMITTY,
SNOOK&,
SNSBLE,
SNYDER,
SOCHA,
SOCI,
SOG,
SOLBERG,
SOLER,
SONEMN,
SOUTHCOAST,
SOUTHFAST,
SOUTHH,
SOUTHHOSE,
SOUTHLOCK,
SOUTHMETER,
SOUTHP,
SOUTHWIRE,
SOUWARK,
SPACEPAK,
SPDQUEEN,
SPEAKMAN,SPKMN|SPEAKMN
SPEAR,
SPEARS,
SPECPROD,
SPECSAL,
SPECTR,
SPICER,
SPIRALFTG,
SPLASHEND,
SPRINGUSA,
SPX,
SRVGAS,
SRVSPLY,
SRVTOOL,
SSFTG,
SSPIPE,
STAL,
STANCOR,STNCR
STANDX,
STANLEY,
STANRO,
STARPIP,
STARWIPE,
STARWIPERS,
STATE WATER HEATERS,ST WTR HTR
STATEELEC,
STATEIND,
STATEL,
STEAMI,
STECLTON,
STENNER,
STEPHEN,
STERLHVAC,
STERLING,STRLNG
STERLINGHTR,
STERLINGWTR,
STERN WILLIAMS,STRN WLMS|STERNWILL|STERN WILL
STERNW,
STEVEM,
STIEBE,
STIEBEL ELTRON,STBL ELTRN
STJAMESLTG,
STONEFRST,
STONEQ,
STORM,
STRASSER,
STREAM,
STRIEM,
STRLNG,
STRMTL,
STRUT,
STRYBUC,
STTHOMAS,
STUDOR,
STUFFS,
STYLEC,
SUBZERO,
SULFLO,
SUMMITAPPL,
SUMMSPLY,
SUMNER,
SUMRIDGE,
SUNBLT,
SUNCRAFT,
SUNCST,
SUNLAND,
SUNPACK,
SUNSET,
SUNSTONE,
SUNWAY,
SUPCO,
SUPER,
SUPERG,
SUPRSIG,
SUPRVLV,
SURE SEAL,SRE SEAL|SURESEAL
SURFCE,
SUSSMN,
SUSTCOL,
SUSTSOL,
SWAN,
SWEETS,
SWIFTAIRE,
SWSDIS,
SWSTERHVAC,
SWSTNI,
SWSTRE,
SWSTSALES,
SYMMONS,SYMNS|SYMONS
SYMPHO,
SYSTMSENSOR,
SYSTMSIV,
T & S BRASS,T & BRS
T&B,
T&S BRASS AND BRONZE,
T&TTOOLS,
TACHEN,
TACO,
TACOCO,
TAKAGI,
TAKARA,
TAM,
TAPCO,
TAPTEK,
TAYMOR,
TBA,
TBD,
TBSI,
TCHRISTY,
TDWILL,
TECHLTG,
TECUMS,
TEJASPLS,
TEKAUSA,
TESTO,
TEXASL,
TEXASPIPE,
TEXFLEX,
TEXTIL,
THARCO,
THERM-PAC,
THERMADOR,
THERMASOL,
THERMASTOR,
THOMPS,
THOR,
THRMDR,
THUNDERBIRD,
TIFCO,
TIGRUSA,
TILEREDI,
TITAN,
TITAN3,
TITANFLW,
TJERNL,
TLCP,
TMG,
TOMKIN,
TOMLINSN,
TOOLCE,
TOPNOB,
TOPP,
TOTALPIPE,
TOTO,
TPI,
TRADEWIND,
TRADEWND,
TRAEGER,
TRAEGR,
TRAK,
TRAKIND,
TRANE,
TRAPZILLA,
TRERICE,
TRIANG,
TRIATOMIC,
TRICOU,
TRIMBY,
TRIMETALS,
TRIMTO,
TRINFTG,
TRINITY,
TRINITYTAPE,
TRION,
TRIPAC,
TRIPLE,
TRISTA,
TRMBUL,
TROY,
TRUE FORM,TRE FRM
TRUEBRO,
TRUERE,
TRULITE,
TRUTANKLS,
TSBRSS,
TSBSS,
TUBEFO,
TUFTIT,
TURBOAIR,
TURNER,
TXFRFX,
TXRAG,
TXRUBB,
TYCOVLV,
TYLERPIPE,
TYLERU,
TYLERW,
TYTANI,
UEI,
ULI,
ULINE,
ULMERT,
ULTRA,
ULTRAFCT,
ULTRAV,
UNIONBRS,
UNITAR,
UNITEDCOP,
UNIWLD,
UNTDBRS,
UNTDPIPE,
UNTDREFR,
UNTDSALT,
UNTDTOOL,
UNVCURB,
UNVMTL,
UPONOR,
USAFAS,
USAIRE,
USASIA,
USI,
USPFDRY,
USPIFAB,
USPIVLV,
USSAWS,
USWIRE,
UTILSUPPLY,
UTTERM,
VALFIT,
VALMAT,
VALUEENG,
VALVCO,
VAPCO,
VARCO,
VELCRO,
VENT,
VENTAHOOD,
VENTAM,
VENTI,
VENTS-US,
VERTEX,
VETO,
VIC&AL,
VIC,
VICTOR,
VIEGA,
VIESSMANN,
VIGO,
VIKING,
VINDEX,
VINYLTECH,
VIRGMIR,
VIRKMP,
VIRMRBL,
VOLTEC,
VORT,
VORTENS,
VOSSLER,
WA,
WAC,
WADE,WDE
WADEDRAIN,
WAGMECH,
WAGNER,
WALDREP,
WALRCH,
WALRVN,
WALSH&ALB,
WARD,
WARRAN,
WARREN,
WATCO,
WATER-TITE,
WATERF,
WATERGARD,
WATERINC,
WATERLOO,WATERLO|WTRLOO|WATER-LOO|WATER00|WATERL00
WATERPIK,
WATERTEC,
WATERWRK,
WATTS,WTS
WATTSW,
WAXAHA,
WD40C,
WEATHERMTC,
WEBSTN,
WEIL,
WEIL-M,
WEISS,
WEKSLER,
WELD,
WELDFIT,
WELDFLAN,
WELLMRK,
WELSLER,
WESSELS,WSL
WESTAG,
WESTBRASS,
WESTBRS,
WESTENT,
WESTERN POTTERY,WSTRN PTRY|WESTERN
WESTGATE,
WESTMRK,
WESTRNBOLT,
WESTWY,
WFI,
WHEATL,
WHEELER,
WHIRLPOOL,
WHITE HALL,WHT HL|DON'T PUT "WHITE" AS A SYNONYM HERE
WHITEHAUS,
WHITEMTL,
WHITHMFG,
WHITLAM,
WHRLPL,
WHSMART,
WHTROG,
WICHIT,
WILDET,
WILFURN,
WILKINS,WLKNS
WILLOUGHBY,WLGHBY
WILO,
WILSON,
WILSONMOHR,
WINDSTER,
WINGIT,
WINTERS,
WINTON,
WNDHAM,
WOLF,
WOLVER,
WOMBLE,
WOODFORD,WDFRD|WOODFORDMFG|WOODFORD MFG|WOODFRD
WOODYBUTT,
WORLD-MAIN,
WORTHINGTN,
WPL,
WRAPON,
WSTPOTY,
WTRMRK,
WTRMSTR,
WTRSTB,
WTRSTN,
WTRSVR,
WTSTYL,
WUDUMATE,
WYND,
WYNDHAM,
XANTUS,
XCICON,
YETI,
YORK,
YOUNGS,
ZACTL,
ZEBRA,
ZENITH,
ZENNER,
ZEPHYER,
ZEPHYR,
ZEPSALES,
ZFLEX,
ZILMET,
ZIPWATER,
ZLITE,
ZOELLER,
ZOELR,
ZONEFIRST,
ZONEX,
ZURN,ZRN|ZURN INC